IoC,Base Severity,Base Score,Final Score,,,,IoC,Base Severity,Base Score,Final Score,,IoC,Base Severity,Base Score,Final Score
CVE-2003-0789,HIGH,10,112.456533,,,,CVE-2003-0789,HIGH,10,112.456533,,CVE-2003-0789,HIGH,10,112.456533
CVE-2003-1027,HIGH,10,112.3821924,,,,CVE-2003-1027,HIGH,10,112.3821924,,CVE-2003-1027,HIGH,10,112.3821924
CVE-2003-1048,HIGH,10,112.3821924,,,,CVE-2003-1048,HIGH,10,112.3821924,,CVE-2003-1048,HIGH,10,112.3821924
CVE-2003-0041,HIGH,10,12.54585598,,,,CVE-2003-1026,HIGH,9.3,104.5154389,,CVE-2003-0041,HIGH,10,12.54585598
CVE-2003-0421,HIGH,10,12.54585598,,,,CVE-2003-0016,HIGH,7.5,91.20331512,,CVE-2003-0421,HIGH,10,12.54585598
CVE-2003-0426,HIGH,10,12.54585598,,,,CVE-2003-0264,HIGH,7.5,86.26969276,,CVE-2003-0426,HIGH,10,12.54585598
CVE-2003-0500,HIGH,10,12.54585598,,,,CVE-2003-0113,HIGH,7.5,86.07768627,,CVE-2003-0500,HIGH,10,12.54585598
CVE-2003-0502,HIGH,10,12.28584921,,,,CVE-2003-0115,HIGH,7.5,86.07768627,,CVE-2003-0502,HIGH,10,12.28584921
CVE-2003-0599,HIGH,10,12.22753304,,,,CVE-2003-0233,HIGH,7.5,86.07768627,,CVE-2003-0599,HIGH,10,12.22753304
CVE-2003-0640,HIGH,10,12.22753304,,,,CVE-2003-0309,HIGH,7.5,86.07768627,,CVE-2003-0640,HIGH,10,12.22753304
CVE-2003-0732,HIGH,10,12.22753304,,,,CVE-2003-0344,HIGH,7.5,86.07768627,,CVE-2003-0732,HIGH,10,12.22753304
CVE-2003-1236,HIGH,10,12.22753304,,,,CVE-2003-0513,HIGH,7.5,86.07768627,,CVE-2003-1236,HIGH,10,12.22753304
CVE-2003-1322,HIGH,10,12.22753304,,,,CVE-2003-0530,HIGH,7.5,86.07768627,,CVE-2003-1322,HIGH,10,12.22753304
CVE-2003-0731,HIGH,10,12.22613182,,,,CVE-2003-0531,HIGH,7.5,86.07768627,,CVE-2003-0731,HIGH,10,12.22613182
CVE-2003-0734,HIGH,10,12.22613182,,,,CVE-2003-0532,HIGH,7.5,86.07768627,,CVE-2003-0734,HIGH,10,12.22613182
CVE-2003-0745,HIGH,10,12.22613182,,,,CVE-2003-1228,HIGH,7.5,84.34834764,,CVE-2003-0745,HIGH,10,12.22613182
CVE-2003-0755,HIGH,10,12.22613182,,,,CVE-2003-0987,HIGH,7.5,84.34239978,,CVE-2003-0755,HIGH,10,12.22613182
CVE-2003-0784,HIGH,10,12.22613182,,,,CVE-2003-0993,HIGH,7.5,84.34239978,,CVE-2003-0784,HIGH,10,12.22613182
CVE-2003-0786,HIGH,10,12.22613182,,,,CVE-2003-0701,HIGH,7.5,84.28664428,,CVE-2003-0786,HIGH,10,12.22613182
CVE-2003-1576,HIGH,10,12.08875638,,,,CVE-2003-0809,HIGH,7.5,84.28664428,,CVE-2003-1576,HIGH,10,12.08875638
CVE-2003-1595,HIGH,10,12.07186375,,,,CVE-2003-0814,HIGH,7.5,84.28664428,,CVE-2003-1595,HIGH,10,12.07186375
CVE-2003-1333,HIGH,10,12.05178868,,,,CVE-2003-0815,HIGH,7.5,84.28664428,,CVE-2003-1333,HIGH,10,12.05178868
CVE-2003-0030,HIGH,10,11.8051135,,,,CVE-2003-0816,HIGH,7.5,84.28664428,,CVE-2003-0030,HIGH,10,11.8051135
CVE-2003-0033,HIGH,10,11.8051135,,,,CVE-2003-0817,HIGH,7.5,84.28664428,,CVE-2003-0033,HIGH,10,11.8051135
CVE-2003-0095,HIGH,10,11.80361149,,,,CVE-2003-0823,HIGH,7.5,84.28664428,,CVE-2003-0095,HIGH,10,11.80361149
CVE-2003-0101,HIGH,10,11.80361149,,,,CVE-2003-0838,HIGH,7.5,84.28664428,,CVE-2003-0101,HIGH,10,11.80361149
CVE-2003-0209,HIGH,10,11.80361149,,,,CVE-2003-1041,HIGH,7.5,84.28664428,,CVE-2003-0209,HIGH,10,11.80361149
CVE-2003-0272,HIGH,10,11.80361149,,,,CVE-2003-1326,HIGH,7.5,84.28664428,,CVE-2003-0272,HIGH,10,11.80361149
CVE-2003-0274,HIGH,10,11.80361149,,,,CVE-2003-1328,HIGH,7.5,84.28664428,,CVE-2003-0274,HIGH,10,11.80361149
CVE-2003-0304,HIGH,10,11.80361149,,,,CVE-2003-0542,HIGH,7.2,82.69240626,,CVE-2003-0304,HIGH,10,11.80361149
CVE-2003-0331,HIGH,10,11.80361149,,,,CVE-2003-0041,HIGH,10,12.54585598,,CVE-2003-0331,HIGH,10,11.80361149
CVE-2003-0374,HIGH,10,11.80361149,,,,CVE-2003-0421,HIGH,10,12.54585598,,CVE-2003-0374,HIGH,10,11.80361149
CVE-2003-0407,HIGH,10,11.80361149,,,,CVE-2003-0426,HIGH,10,12.54585598,,CVE-2003-0407,HIGH,10,11.80361149
CVE-2003-0409,HIGH,10,11.80361149,,,,CVE-2003-0500,HIGH,10,12.54585598,,CVE-2003-0409,HIGH,10,11.80361149
CVE-2003-0410,HIGH,10,11.80361149,,,,CVE-2003-0502,HIGH,10,12.28584921,,CVE-2003-0410,HIGH,10,11.80361149
CVE-2003-0453,HIGH,10,11.80361149,,,,CVE-2003-0599,HIGH,10,12.22753304,,CVE-2003-0453,HIGH,10,11.80361149
CVE-2003-0478,HIGH,10,11.80361149,,,,CVE-2003-0640,HIGH,10,12.22753304,,CVE-2003-0478,HIGH,10,11.80361149
CVE-2003-0493,HIGH,10,11.80361149,,,,CVE-2003-0732,HIGH,10,12.22753304,,CVE-2003-0493,HIGH,10,11.80361149
CVE-2003-0522,HIGH,10,11.80361149,,,,CVE-2003-1236,HIGH,10,12.22753304,,CVE-2003-0522,HIGH,10,11.80361149
CVE-2003-0560,HIGH,10,11.80361149,,,,CVE-2003-1322,HIGH,10,12.22753304,,CVE-2003-0560,HIGH,10,11.80361149
CVE-2003-0170,HIGH,10,11.74941712,,,,CVE-2003-0731,HIGH,10,12.22613182,,CVE-2003-0170,HIGH,10,11.74941712
CVE-2003-0178,HIGH,10,11.74941712,,,,CVE-2003-0734,HIGH,10,12.22613182,,CVE-2003-0178,HIGH,10,11.74941712
CVE-2003-0240,HIGH,10,11.74941712,,,,CVE-2003-0745,HIGH,10,12.22613182,,CVE-2003-0240,HIGH,10,11.74941712
CVE-2003-0280,HIGH,10,11.74941712,,,,CVE-2003-0755,HIGH,10,12.22613182,,CVE-2003-0280,HIGH,10,11.74941712
CVE-2003-0288,HIGH,10,11.74941712,,,,CVE-2003-0784,HIGH,10,12.22613182,,CVE-2003-0288,HIGH,10,11.74941712
CVE-2003-0473,HIGH,10,11.74941712,,,,CVE-2003-0786,HIGH,10,12.22613182,,CVE-2003-0473,HIGH,10,11.74941712
CVE-2003-0494,HIGH,10,11.74941712,,,,CVE-2003-1576,HIGH,10,12.08875638,,CVE-2003-0494,HIGH,10,11.74941712
CVE-2003-0509,HIGH,10,11.74941712,,,,CVE-2003-1595,HIGH,10,12.07186375,,CVE-2003-0509,HIGH,10,11.74941712
CVE-2003-0143,HIGH,10,11.73125626,,,,CVE-2003-1333,HIGH,10,12.05178868,,CVE-2003-0143,HIGH,10,11.73125626
CVE-2003-0248,HIGH,10,11.73105774,,,,CVE-2003-0030,HIGH,10,11.8051135,,CVE-2003-0248,HIGH,10,11.73105774
CVE-2003-0356,HIGH,10,11.73105774,,,,,,,,,,,,
CVE-2003-0431,HIGH,10,11.73105774,,,,,,,,,,,,
CVE-2003-0432,HIGH,10,11.73105774,,,,,,,,,,,,
CVE-2003-0252,HIGH,10,11.6910304,,,,,,,,,,,,
CVE-2003-0255,HIGH,10,11.6910304,,,,,,,,,,,,
CVE-2003-0466,HIGH,10,11.6910304,,,,,,,,,,,,
CVE-2003-0545,HIGH,10,11.6910304,,,,,,,,,,,,
CVE-2003-0098,HIGH,10,11.66294667,,,,,,,,,,,,
CVE-2003-0347,HIGH,10,11.65989699,,,,,,,,,,,,
CVE-2003-0085,HIGH,10,11.65856447,,,,,,,,,,,,
CVE-2003-0161,HIGH,10,11.65647263,,,,,,,,,,,,
CVE-2003-0196,HIGH,10,11.65647263,,,,,,,,,,,,
CVE-2003-0201,HIGH,10,11.65647263,,,,,,,,,,,,
CVE-2003-0224,HIGH,10,11.65647263,,,,,,,,,,,,
CVE-2003-0528,HIGH,10,11.62223298,,,,,,,,,,,,
CVE-2003-0588,HIGH,10,11.54050897,,,,,,,,,,,,
CVE-2003-0589,HIGH,10,11.54050897,,,,,,,,,,,,
CVE-2003-0886,HIGH,10,11.54050897,,,,,,,,,,,,
CVE-2003-0968,HIGH,10,11.54050897,,,,,,,,,,,,
CVE-2003-0972,HIGH,10,11.54050897,,,,,,,,,,,,
CVE-2003-0575,HIGH,10,11.49034647,,,,,,,,,,,,
CVE-2003-0648,HIGH,10,11.49034647,,,,,,,,,,,,
CVE-2003-0781,HIGH,10,11.49034647,,,,,,,,,,,,
CVE-2003-0782,HIGH,10,11.49034647,,,,,,,,,,,,
CVE-2003-0959,HIGH,10,11.49034647,,,,,,,,,,,,
CVE-2003-1009,HIGH,10,11.49034647,,,,,,,,,,,,
CVE-2003-1042,HIGH,10,11.49034647,,,,,,,,,,,,
CVE-2003-1043,HIGH,10,11.49034647,,,,,,,,,,,,
CVE-2003-1083,HIGH,10,11.49034647,,,,,,,,,,,,
CVE-2003-1090,HIGH,10,11.49034647,,,,,,,,,,,,
CVE-2003-1096,HIGH,10,11.49034647,,,,,,,,,,,,
CVE-2003-1104,HIGH,10,11.49034647,,,,,,,,,,,,
CVE-2003-1121,HIGH,10,11.49034647,,,,,,,,,,,,
CVE-2003-1140,HIGH,10,11.49034647,,,,,,,,,,,,
CVE-2003-1142,HIGH,10,11.49034647,,,,,,,,,,,,
CVE-2003-1144,HIGH,10,11.49034647,,,,,,,,,,,,
CVE-2003-1160,HIGH,10,11.49034647,,,,,,,,,,,,
CVE-2003-1192,HIGH,10,11.49034647,,,,,,,,,,,,
CVE-2003-1202,HIGH,10,11.49034647,,,,,,,,,,,,
CVE-2003-1208,HIGH,10,11.49034647,,,,,,,,,,,,
CVE-2003-1245,HIGH,10,11.49034647,,,,,,,,,,,,
CVE-2003-1309,HIGH,10,11.4870075,,,,,,,,,,,,
CVE-2003-1346,HIGH,10,11.4870075,,,,,,,,,,,,
CVE-2003-1357,HIGH,10,11.4870075,,,,,,,,,,,,
CVE-2003-1361,HIGH,10,11.4870075,,,,,,,,,,,,
CVE-2003-1422,HIGH,10,11.4870075,,,,,,,,,,,,
CVE-2003-1425,HIGH,10,11.4870075,,,,,,,,,,,,
CVE-2003-1432,HIGH,10,11.4870075,,,,,,,,,,,,
CVE-2003-1487,HIGH,10,11.4870075,,,,,,,,,,,,
CVE-2003-1495,HIGH,10,11.4870075,,,,,,,,,,,,
CVE-2003-1496,HIGH,10,11.4870075,,,,,,,,,,,,
CVE-2003-1503,HIGH,10,11.4870075,,,,,,,,,,,,
CVE-2003-1507,HIGH,10,11.4870075,,,,,,,,,,,,
CVE-2003-1525,HIGH,10,11.4870075,,,,,,,,,,,,
CVE-2003-1551,HIGH,10,11.4851555,,,,,,,,,,,,
CVE-2003-1509,HIGH,10,11.48349052,,,,,,,,,,,,
CVE-2003-1573,HIGH,10,11.48349052,,,,,,,,,,,,
CVE-2003-0690,HIGH,10,11.47335298,,,,,,,,,,,,
CVE-2003-0722,HIGH,10,11.47335298,,,,,,,,,,,,
CVE-2003-1339,HIGH,10,11.47335298,,,,,,,,,,,,
CVE-2003-1603,HIGH,10,11.44277932,,,,,,,,,,,,
CVE-2003-0693,HIGH,10,11.43630353,,,,,,,,,,,,
CVE-2003-0819,HIGH,10,11.40748633,,,,,,,,,,,,
CVE-2003-0903,HIGH,10,11.40748633,,,,,,,,,,,,
CVE-2003-0694,HIGH,10,11.40431674,,,,,,,,,,,,
CVE-2003-0860,HIGH,10,11.40431674,,,,,,,,,,,,
CVE-2003-0861,HIGH,10,11.40431674,,,,,,,,,,,,
CVE-2003-1081,HIGH,10,11.40431674,,,,,,,,,,,,
CVE-2003-0715,HIGH,10,11.3726244,,,,,,,,,,,,
CVE-2003-1026,HIGH,9.3,104.5154389,,,,,,,,,,,,
CVE-2003-0216,HIGH,9.3,11.66623819,,,,,,,,,,,,
CVE-2003-1564,HIGH,9.3,11.35887464,,,,,,,,,,,,
CVE-2003-1572,HIGH,9.3,11.30253169,,,,,,,,,,,,
CVE-2003-1272,HIGH,9.3,10.68602222,,,,,,,,,,,,
CVE-2003-1327,HIGH,9.3,10.68291697,,,,,,,,,,,,
CVE-2003-1336,HIGH,9.3,10.68291697,,,,,,,,,,,,
CVE-2003-1388,HIGH,9.3,10.68291697,,,,,,,,,,,,
CVE-2003-1398,HIGH,9.3,10.68291697,,,,,,,,,,,,
CVE-2003-0662,HIGH,9.3,10.57654069,,,,,,,,,,,,
CVE-2003-0825,HIGH,9.3,10.57654069,,,,,,,,,,,,
CVE-2003-0096,HIGH,9,10.62325034,,,,,,,,,,,,
CVE-2003-0222,HIGH,9,10.57447541,,,,,,,,,,,,
CVE-2003-0150,HIGH,9,10.4334287,,,,,,,,,,,,
CVE-2003-1395,HIGH,9,10.33830675,,,,,,,,,,,,
CVE-2003-1470,HIGH,9,10.33830675,,,,,,,,,,,,
CVE-2003-0831,HIGH,9,10.3270102,,,,,,,,,,,,
CVE-2003-0780,HIGH,9,10.19997895,,,,,,,,,,,,
CVE-2003-1378,HIGH,8.8,10.1085666,,,,,,,,,,,,
CVE-2003-1364,HIGH,8.5,9.763956374,,,,,,,,,,,,
CVE-2003-1393,HIGH,8.5,9.763956374,,,,,,,,,,,,
CVE-2003-1377,HIGH,8.3,9.534216224,,,,,,,,,,,,
CVE-2003-0855,HIGH,7.8,9.537475772,,,,,,,,,,,,
CVE-2003-1329,HIGH,7.8,9.537475772,,,,,,,,,,,,
CVE-2003-0738,HIGH,7.8,9.001596998,,,,,,,,,,,,
CVE-2003-1318,HIGH,7.8,9.001596998,,,,,,,,,,,,
CVE-2003-1604,HIGH,7.8,8.995041057,,,,,,,,,,,,
CVE-2003-1362,HIGH,7.8,8.959865849,,,,,,,,,,,,
CVE-2003-1367,HIGH,7.8,8.959865849,,,,,,,,,,,,
CVE-2003-1464,HIGH,7.8,8.959865849,,,,,,,,,,,,
CVE-2003-1477,HIGH,7.8,8.959865849,,,,,,,,,,,,
CVE-2003-1490,HIGH,7.8,8.959865849,,,,,,,,,,,,
CVE-2003-1510,HIGH,7.8,8.959865849,,,,,,,,,,,,
CVE-2003-1514,HIGH,7.8,8.959865849,,,,,,,,,,,,
CVE-2003-1515,HIGH,7.8,8.959865849,,,,,,,,,,,,
CVE-2003-1518,HIGH,7.8,8.959865849,,,,,,,,,,,,
CVE-2003-0567,HIGH,7.8,8.895367055,,,,,,,,,,,,
CVE-2003-1003,HIGH,7.8,8.895367055,,,,,,,,,,,,
CVE-2003-1448,HIGH,7.8,8.870647028,,,,,,,,,,,,
CVE-2003-1260,HIGH,7.6,9.292925111,,,,,,,,,,,,
CVE-2003-1562,HIGH,7.6,9.292925111,,,,,,,,,,,,
CVE-2003-0332,HIGH,7.6,8.970744732,,,,,,,,,,,,
CVE-2003-0270,HIGH,7.6,8.929557009,,,,,,,,,,,,
CVE-2003-1319,HIGH,7.6,8.730125699,,,,,,,,,,,,
CVE-2003-0906,HIGH,7.6,8.669689612,,,,,,,,,,,,
CVE-2003-1557,HIGH,7.6,8.668752243,,,,,,,,,,,,
CVE-2003-0016,HIGH,7.5,91.20331512,,,,,,,,,,,,
CVE-2003-0264,HIGH,7.5,86.26969276,,,,,,,,,,,,
CVE-2003-0113,HIGH,7.5,86.07768627,,,,,,,,,,,,
CVE-2003-0115,HIGH,7.5,86.07768627,,,,,,,,,,,,
CVE-2003-0233,HIGH,7.5,86.07768627,,,,,,,,,,,,
CVE-2003-0309,HIGH,7.5,86.07768627,,,,,,,,,,,,
CVE-2003-0344,HIGH,7.5,86.07768627,,,,,,,,,,,,
CVE-2003-0513,HIGH,7.5,86.07768627,,,,,,,,,,,,
CVE-2003-0530,HIGH,7.5,86.07768627,,,,,,,,,,,,
CVE-2003-0531,HIGH,7.5,86.07768627,,,,,,,,,,,,
CVE-2003-0532,HIGH,7.5,86.07768627,,,,,,,,,,,,
CVE-2003-1228,HIGH,7.5,84.34834764,,,,,,,,,,,,
CVE-2003-0987,HIGH,7.5,84.34239978,,,,,,,,,,,,
CVE-2003-0993,HIGH,7.5,84.34239978,,,,,,,,,,,,
CVE-2003-0701,HIGH,7.5,84.28664428,,,,,,,,,,,,
CVE-2003-0809,HIGH,7.5,84.28664428,,,,,,,,,,,,
CVE-2003-0814,HIGH,7.5,84.28664428,,,,,,,,,,,,
CVE-2003-0815,HIGH,7.5,84.28664428,,,,,,,,,,,,
CVE-2003-0816,HIGH,7.5,84.28664428,,,,,,,,,,,,
CVE-2003-0817,HIGH,7.5,84.28664428,,,,,,,,,,,,
CVE-2003-0823,HIGH,7.5,84.28664428,,,,,,,,,,,,
CVE-2003-0838,HIGH,7.5,84.28664428,,,,,,,,,,,,
CVE-2003-1041,HIGH,7.5,84.28664428,,,,,,,,,,,,
CVE-2003-1326,HIGH,7.5,84.28664428,,,,,,,,,,,,
CVE-2003-1328,HIGH,7.5,84.28664428,,,,,,,,,,,,
CVE-2003-0013,HIGH,7.5,9.409391988,,,,,,,,,,,,
CVE-2003-0119,HIGH,7.5,9.409391988,,,,,,,,,,,,
CVE-2003-0126,HIGH,7.5,9.409391988,,,,,,,,,,,,
CVE-2003-0152,HIGH,7.5,9.409391988,,,,,,,,,,,,
CVE-2003-0167,HIGH,7.5,9.409391988,,,,,,,,,,,,
CVE-2003-0241,HIGH,7.5,9.409391988,,,,,,,,,,,,
CVE-2003-0249,HIGH,7.5,9.409391988,,,,,,,,,,,,
CVE-2003-0284,HIGH,7.5,9.409391988,,,,,,,,,,,,
CVE-2003-0328,HIGH,7.5,9.409391988,,,,,,,,,,,,
CVE-2003-0340,HIGH,7.5,9.409391988,,,,,,,,,,,,
CVE-2003-0360,HIGH,7.5,9.409391988,,,,,,,,,,,,
CVE-2003-0361,HIGH,7.5,9.409391988,,,,,,,,,,,,
CVE-2003-0363,HIGH,7.5,9.409391988,,,,,,,,,,,,
CVE-2003-0378,HIGH,7.5,9.409391988,,,,,,,,,,,,
CVE-2003-0380,HIGH,7.5,9.409391988,,,,,,,,,,,,
CVE-2003-0433,HIGH,7.5,9.409391988,,,,,,,,,,,,
CVE-2003-0445,HIGH,7.5,9.409391988,,,,,,,,,,,,
CVE-2003-0514,HIGH,7.5,9.409391988,,,,,,,,,,,,
CVE-2003-0049,HIGH,7.5,9.409164928,,,,,,,,,,,,
CVE-2003-0149,HIGH,7.5,9.408256604,,,,,,,,,,,,
CVE-2003-0243,HIGH,7.5,9.408256604,,,,,,,,,,,,
CVE-2003-0256,HIGH,7.5,9.408256604,,,,,,,,,,,,
CVE-2003-0370,HIGH,7.5,9.408256604,,,,,,,,,,,,
CVE-2003-0436,HIGH,7.5,9.408256604,,,,,,,,,,,,
CVE-2003-0437,HIGH,7.5,9.408256604,,,,,,,,,,,,
CVE-2003-0450,HIGH,7.5,9.408256604,,,,,,,,,,,,
CVE-2003-0515,HIGH,7.5,9.408256604,,,,,,,,,,,,
CVE-2003-0516,HIGH,7.5,9.408256604,,,,,,,,,,,,
CVE-2003-0538,HIGH,7.5,9.408256604,,,,,,,,,,,,
CVE-2003-0317,HIGH,7.5,9.403044169,,,,,,,,,,,,
CVE-2003-0003,HIGH,7.5,9.373767547,,,,,,,,,,,,
CVE-2003-0010,HIGH,7.5,9.373767547,,,,,,,,,,,,
CVE-2003-0015,HIGH,7.5,9.307234636,,,,,,,,,,,,
CVE-2003-0593,HIGH,7.5,9.17064978,,,,,,,,,,,,
CVE-2003-0636,HIGH,7.5,9.17064978,,,,,,,,,,,,
CVE-2003-0651,HIGH,7.5,9.17064978,,,,,,,,,,,,
CVE-2003-0657,HIGH,7.5,9.17064978,,,,,,,,,,,,
CVE-2003-0683,HIGH,7.5,9.17064978,,,,,,,,,,,,
CVE-2003-0707,HIGH,7.5,9.17064978,,,,,,,,,,,,
CVE-2003-0708,HIGH,7.5,9.17064978,,,,,,,,,,,,
CVE-2003-0724,HIGH,7.5,9.17064978,,,,,,,,,,,,
CVE-2003-0725,HIGH,7.5,9.17064978,,,,,,,,,,,,
CVE-2003-0752,HIGH,7.5,9.17064978,,,,,,,,,,,,
CVE-2003-0761,HIGH,7.5,9.17064978,,,,,,,,,,,,
CVE-2003-0881,HIGH,7.5,9.17064978,,,,,,,,,,,,
CVE-2003-0901,HIGH,7.5,9.17064978,,,,,,,,,,,,
CVE-2003-0939,HIGH,7.5,9.17064978,,,,,,,,,,,,
CVE-2003-0941,HIGH,7.5,9.17064978,,,,,,,,,,,,
CVE-2003-0942,HIGH,7.5,9.17064978,,,,,,,,,,,,
CVE-2003-0943,HIGH,7.5,9.17064978,,,,,,,,,,,,
CVE-2003-0944,HIGH,7.5,9.17064978,,,,,,,,,,,,
CVE-2003-1240,HIGH,7.5,9.17064978,,,,,,,,,,,,
CVE-2003-1244,HIGH,7.5,9.17064978,,,,,,,,,,,,
CVE-2003-1247,HIGH,7.5,9.17064978,,,,,,,,,,,,
CVE-2003-1248,HIGH,7.5,9.17064978,,,,,,,,,,,,
CVE-2003-1249,HIGH,7.5,9.17064978,,,,,,,,,,,,
CVE-2003-1251,HIGH,7.5,9.17064978,,,,,,,,,,,,
CVE-2003-1252,HIGH,7.5,9.17064978,,,,,,,,,,,,
CVE-2003-1253,HIGH,7.5,9.17064978,,,,,,,,,,,,
CVE-2003-1258,HIGH,7.5,9.17064978,,,,,,,,,,,,
CVE-2003-1259,HIGH,7.5,9.17064978,,,,,,,,,,,,
CVE-2003-1268,HIGH,7.5,9.17064978,,,,,,,,,,,,
CVE-2003-1283,HIGH,7.5,9.17064978,,,,,,,,,,,,
CVE-2003-1313,HIGH,7.5,9.17064978,,,,,,,,,,,,
CVE-2003-1466,HIGH,7.5,9.17064978,,,,,,,,,,,,
CVE-2003-0577,HIGH,7.5,9.169598865,,,,,,,,,,,,
CVE-2003-0595,HIGH,7.5,9.169598865,,,,,,,,,,,,
CVE-2003-0646,HIGH,7.5,9.169598865,,,,,,,,,,,,
CVE-2003-0647,HIGH,7.5,9.169598865,,,,,,,,,,,,
CVE-2003-0654,HIGH,7.5,9.169598865,,,,,,,,,,,,
CVE-2003-0672,HIGH,7.5,9.169598865,,,,,,,,,,,,
CVE-2003-0680,HIGH,7.5,9.169598865,,,,,,,,,,,,
CVE-2003-0689,HIGH,7.5,9.169598865,,,,,,,,,,,,
CVE-2003-0705,HIGH,7.5,9.169598865,,,,,,,,,,,,
CVE-2003-0709,HIGH,7.5,9.169598865,,,,,,,,,,,,
CVE-2003-0723,HIGH,7.5,9.169598865,,,,,,,,,,,,
CVE-2003-0750,HIGH,7.5,9.169598865,,,,,,,,,,,,
CVE-2003-0751,HIGH,7.5,9.169598865,,,,,,,,,,,,
CVE-2003-0754,HIGH,7.5,9.169598865,,,,,,,,,,,,
CVE-2003-0762,HIGH,7.5,9.169598865,,,,,,,,,,,,
CVE-2003-0774,HIGH,7.5,9.169598865,,,,,,,,,,,,
CVE-2003-0776,HIGH,7.5,9.169598865,,,,,,,,,,,,
CVE-2003-0779,HIGH,7.5,9.169598865,,,,,,,,,,,,
CVE-2003-0785,HIGH,7.5,9.169598865,,,,,,,,,,,,
CVE-2003-0787,HIGH,7.5,9.169598865,,,,,,,,,,,,
CVE-2003-0791,HIGH,7.5,9.169598865,,,,,,,,,,,,
CVE-2003-0803,HIGH,7.5,9.169598865,,,,,,,,,,,,
CVE-2003-0833,HIGH,7.5,9.169598865,,,,,,,,,,,,
CVE-2003-0871,HIGH,7.5,9.169598865,,,,,,,,,,,,
CVE-2003-0902,HIGH,7.5,9.169598865,,,,,,,,,,,,
CVE-2003-0983,HIGH,7.5,9.169598865,,,,,,,,,,,,
CVE-2003-1593,HIGH,7.5,9.053897812,,,,,,,,,,,,
CVE-2003-1594,HIGH,7.5,9.053897812,,,,,,,,,,,,
CVE-2003-1596,HIGH,7.5,9.0417246,,,,,,,,,,,,
CVE-2003-0024,HIGH,7.5,8.853835126,,,,,,,,,,,,
CVE-2003-0025,HIGH,7.5,8.853835126,,,,,,,,,,,,
CVE-2003-0031,HIGH,7.5,8.853835126,,,,,,,,,,,,
CVE-2003-0050,HIGH,7.5,8.853647374,,,,,,,,,,,,
CVE-2003-0054,HIGH,7.5,8.853647374,,,,,,,,,,,,
CVE-2003-0055,HIGH,7.5,8.853647374,,,,,,,,,,,,
CVE-2003-0063,HIGH,7.5,8.852708617,,,,,,,,,,,,
CVE-2003-0065,HIGH,7.5,8.852708617,,,,,,,,,,,,
CVE-2003-0066,HIGH,7.5,8.852708617,,,,,,,,,,,,
CVE-2003-0067,HIGH,7.5,8.852708617,,,,,,,,,,,,
CVE-2003-0068,HIGH,7.5,8.852708617,,,,,,,,,,,,
CVE-2003-0069,HIGH,7.5,8.852708617,,,,,,,,,,,,
CVE-2003-0075,HIGH,7.5,8.852708617,,,,,,,,,,,,
CVE-2003-0077,HIGH,7.5,8.852708617,,,,,,,,,,,,
CVE-2003-0100,HIGH,7.5,8.852708617,,,,,,,,,,,,
CVE-2003-0106,HIGH,7.5,8.852708617,,,,,,,,,,,,
CVE-2003-0121,HIGH,7.5,8.852708617,,,,,,,,,,,,
CVE-2003-0151,HIGH,7.5,8.852708617,,,,,,,,,,,,
CVE-2003-0204,HIGH,7.5,8.852708617,,,,,,,,,,,,
CVE-2003-0205,HIGH,7.5,8.852708617,,,,,,,,,,,,
CVE-2003-0210,HIGH,7.5,8.852708617,,,,,,,,,,,,
CVE-2003-0212,HIGH,7.5,8.852708617,,,,,,,,,,,,
CVE-2003-0213,HIGH,7.5,8.852708617,,,,,,,,,,,,
CVE-2003-0215,HIGH,7.5,8.852708617,,,,,,,,,,,,
CVE-2003-0219,HIGH,7.5,8.852708617,,,,,,,,,,,,
CVE-2003-0220,HIGH,7.5,8.852708617,,,,,,,,,,,,
CVE-2003-0266,HIGH,7.5,8.852708617,,,,,,,,,,,,
CVE-2003-0271,HIGH,7.5,8.852708617,,,,,,,,,,,,
CVE-2003-0296,HIGH,7.5,8.852708617,,,,,,,,,,,,
CVE-2003-0298,HIGH,7.5,8.852708617,,,,,,,,,,,,
CVE-2003-0299,HIGH,7.5,8.852708617,,,,,,,,,,,,
CVE-2003-0307,HIGH,7.5,8.852708617,,,,,,,,,,,,
CVE-2003-0315,HIGH,7.5,8.852708617,,,,,,,,,,,,
CVE-2003-0319,HIGH,7.5,8.852708617,,,,,,,,,,,,
CVE-2003-0320,HIGH,7.5,8.852708617,,,,,,,,,,,,
CVE-2003-0321,HIGH,7.5,8.852708617,,,,,,,,,,,,
CVE-2003-0323,HIGH,7.5,8.852708617,,,,,,,,,,,,
CVE-2003-0324,HIGH,7.5,8.852708617,,,,,,,,,,,,
CVE-2003-0335,HIGH,7.5,8.852708617,,,,,,,,,,,,
CVE-2003-0339,HIGH,7.5,8.852708617,,,,,,,,,,,,
CVE-2003-0371,HIGH,7.5,8.852708617,,,,,,,,,,,,
CVE-2003-0377,HIGH,7.5,8.852708617,,,,,,,,,,,,
CVE-2003-0391,HIGH,7.5,8.852708617,,,,,,,,,,,,
CVE-2003-0394,HIGH,7.5,8.852708617,,,,,,,,,,,,
CVE-2003-0395,HIGH,7.5,8.852708617,,,,,,,,,,,,
CVE-2003-0397,HIGH,7.5,8.852708617,,,,,,,,,,,,
CVE-2003-0398,HIGH,7.5,8.852708617,,,,,,,,,,,,
CVE-2003-0403,HIGH,7.5,8.852708617,,,,,,,,,,,,
CVE-2003-0435,HIGH,7.5,8.852708617,,,,,,,,,,,,
CVE-2003-0471,HIGH,7.5,8.852708617,,,,,,,,,,,,
CVE-2003-0482,HIGH,7.5,8.852708617,,,,,,,,,,,,
CVE-2003-0491,HIGH,7.5,8.852708617,,,,,,,,,,,,
CVE-2003-0503,HIGH,7.5,8.852708617,,,,,,,,,,,,
CVE-2003-0507,HIGH,7.5,8.852708617,,,,,,,,,,,,
CVE-2003-0508,HIGH,7.5,8.852708617,,,,,,,,,,,,
CVE-2003-0510,HIGH,7.5,8.852708617,,,,,,,,,,,,
CVE-2003-0553,HIGH,7.5,8.852708617,,,,,,,,,,,,
CVE-2003-0555,HIGH,7.5,8.852708617,,,,,,,,,,,,
CVE-2003-0557,HIGH,7.5,8.852708617,,,,,,,,,,,,
CVE-2003-0558,HIGH,7.5,8.852708617,,,,,,,,,,,,
CVE-2003-0559,HIGH,7.5,8.852708617,,,,,,,,,,,,
CVE-2003-0561,HIGH,7.5,8.852708617,,,,,,,,,,,,
CVE-2003-0107,HIGH,7.5,8.840813212,,,,,,,,,,,,
CVE-2003-0616,HIGH,7.5,8.8379395,,,,,,,,,,,,
CVE-2003-0773,HIGH,7.5,8.83280992,,,,,,,,,,,,
CVE-2003-0026,HIGH,7.5,8.813172084,,,,,,,,,,,,
CVE-2003-0037,HIGH,7.5,8.813172084,,,,,,,,,,,,
CVE-2003-0057,HIGH,7.5,8.81298721,,,,,,,,,,,,
CVE-2003-0080,HIGH,7.5,8.812062838,,,,,,,,,,,,
CVE-2003-0084,HIGH,7.5,8.812062838,,,,,,,,,,,,
CVE-2003-0146,HIGH,7.5,8.812062838,,,,,,,,,,,,
CVE-2003-0162,HIGH,7.5,8.812062838,,,,,,,,,,,,
CVE-2003-0172,HIGH,7.5,8.812062838,,,,,,,,,,,,
CVE-2003-0174,HIGH,7.5,8.812062838,,,,,,,,,,,,
CVE-2003-0179,HIGH,7.5,8.812062838,,,,,,,,,,,,
CVE-2003-0203,HIGH,7.5,8.812062838,,,,,,,,,,,,
CVE-2003-0235,HIGH,7.5,8.812062838,,,,,,,,,,,,
CVE-2003-0236,HIGH,7.5,8.812062838,,,,,,,,,,,,
CVE-2003-0237,HIGH,7.5,8.812062838,,,,,,,,,,,,
CVE-2003-0263,HIGH,7.5,8.812062838,,,,,,,,,,,,
CVE-2003-0286,HIGH,7.5,8.812062838,,,,,,,,,,,,
CVE-2003-0444,HIGH,7.5,8.812062838,,,,,,,,,,,,
CVE-2003-0470,HIGH,7.5,8.812062838,,,,,,,,,,,,
CVE-2003-0487,HIGH,7.5,8.812062838,,,,,,,,,,,,
CVE-2003-0040,HIGH,7.5,8.799545658,,,,,,,,,,,,
CVE-2003-0081,HIGH,7.5,8.798442197,,,,,,,,,,,,
CVE-2003-0135,HIGH,7.5,8.798293309,,,,,,,,,,,,
CVE-2003-0140,HIGH,7.5,8.798293309,,,,,,,,,,,,
CVE-2003-0159,HIGH,7.5,8.798293309,,,,,,,,,,,,
CVE-2003-0354,HIGH,7.5,8.798293309,,,,,,,,,,,,
CVE-2003-0357,HIGH,7.5,8.798293309,,,,,,,,,,,,
CVE-2003-0386,HIGH,7.5,8.798293309,,,,,,,,,,,,
CVE-2003-0427,HIGH,7.5,8.798293309,,,,,,,,,,,,
CVE-2003-0429,HIGH,7.5,8.798293309,,,,,,,,,,,,
CVE-2003-0434,HIGH,7.5,8.798293309,,,,,,,,,,,,
CVE-2003-0546,HIGH,7.5,8.798293309,,,,,,,,,,,,
CVE-2003-0117,HIGH,7.5,8.74492274,,,,,,,,,,,,
CVE-2003-0118,HIGH,7.5,8.74492274,,,,,,,,,,,,
CVE-2003-0346,HIGH,7.5,8.74492274,,,,,,,,,,,,
CVE-2003-0349,HIGH,7.5,8.74492274,,,,,,,,,,,,
CVE-2003-0353,HIGH,7.5,8.74492274,,,,,,,,,,,,
CVE-2003-0469,HIGH,7.5,8.74492274,,,,,,,,,,,,
CVE-2003-0533,HIGH,7.5,8.74492274,,,,,,,,,,,,
CVE-2003-0131,HIGH,7.5,8.743923354,,,,,,,,,,,,
CVE-2003-0138,HIGH,7.5,8.743923354,,,,,,,,,,,,
CVE-2003-0139,HIGH,7.5,8.743923354,,,,,,,,,,,,
CVE-2003-0168,HIGH,7.5,8.743923354,,,,,,,,,,,,
CVE-2003-0297,HIGH,7.5,8.743923354,,,,,,,,,,,,
CVE-2003-0064,HIGH,7.5,8.742354474,,,,,,,,,,,,
CVE-2003-0097,HIGH,7.5,8.742354474,,,,,,,,,,,,
CVE-2003-0166,HIGH,7.5,8.742354474,,,,,,,,,,,,
CVE-2003-0228,HIGH,7.5,8.742354474,,,,,,,,,,,,
CVE-2003-0258,HIGH,7.5,8.742354474,,,,,,,,,,,,
CVE-2003-0109,HIGH,7.5,8.716674734,,,,,,,,,,,,
CVE-2003-0111,HIGH,7.5,8.716674734,,,,,,,,,,,,
CVE-2003-0345,HIGH,7.5,8.716674734,,,,,,,,,,,,
CVE-2003-0352,HIGH,7.5,8.716674734,,,,,,,,,,,,
CVE-2003-0028,HIGH,7.5,8.681115708,,,,,,,,,,,,
CVE-2003-0059,HIGH,7.5,8.680940177,,,,,,,,,,,,
CVE-2003-0060,HIGH,7.5,8.680940177,,,,,,,,,,,,
CVE-2003-0218,HIGH,7.5,8.671277338,,,,,,,,,,,,
CVE-2003-0581,HIGH,7.5,8.655381728,,,,,,,,,,,,
CVE-2003-0585,HIGH,7.5,8.655381728,,,,,,,,,,,,
CVE-2003-0586,HIGH,7.5,8.655381728,,,,,,,,,,,,
CVE-2003-0632,HIGH,7.5,8.655381728,,,,,,,,,,,,
CVE-2003-0638,HIGH,7.5,8.655381728,,,,,,,,,,,,
CVE-2003-0650,HIGH,7.5,8.655381728,,,,,,,,,,,,
CVE-2003-0685,HIGH,7.5,8.655381728,,,,,,,,,,,,
CVE-2003-0729,HIGH,7.5,8.655381728,,,,,,,,,,,,
CVE-2003-0730,HIGH,7.5,8.655381728,,,,,,,,,,,,
CVE-2003-0735,HIGH,7.5,8.655381728,,,,,,,,,,,,
CVE-2003-0743,HIGH,7.5,8.655381728,,,,,,,,,,,,
CVE-2003-0765,HIGH,7.5,8.655381728,,,,,,,,,,,,
CVE-2003-0767,HIGH,7.5,8.655381728,,,,,,,,,,,,
CVE-2003-0770,HIGH,7.5,8.655381728,,,,,,,,,,,,
CVE-2003-0805,HIGH,7.5,8.655381728,,,,,,,,,,,,
CVE-2003-0826,HIGH,7.5,8.655381728,,,,,,,,,,,,
CVE-2003-0835,HIGH,7.5,8.655381728,,,,,,,,,,,,
CVE-2003-0842,HIGH,7.5,8.655381728,,,,,,,,,,,,
CVE-2003-0843,HIGH,7.5,8.655381728,,,,,,,,,,,,
CVE-2003-0849,HIGH,7.5,8.655381728,,,,,,,,,,,,
CVE-2003-0850,HIGH,7.5,8.655381728,,,,,,,,,,,,
CVE-2003-0865,HIGH,7.5,8.655381728,,,,,,,,,,,,
CVE-2003-0896,HIGH,7.5,8.655381728,,,,,,,,,,,,
CVE-2003-0928,HIGH,7.5,8.655381728,,,,,,,,,,,,
CVE-2003-0929,HIGH,7.5,8.655381728,,,,,,,,,,,,
CVE-2003-0930,HIGH,7.5,8.655381728,,,,,,,,,,,,
CVE-2003-0946,HIGH,7.5,8.655381728,,,,,,,,,,,,
CVE-2003-0960,HIGH,7.5,8.655381728,,,,,,,,,,,,
CVE-2003-0974,HIGH,7.5,8.655381728,,,,,,,,,,,,
CVE-2003-1086,HIGH,7.5,8.655381728,,,,,,,,,,,,
CVE-2003-0242,HIGH,7.5,8.637012289,,,,,,,,,,,,
CVE-2003-0766,HIGH,7.5,8.627969371,,,,,,,,,,,,
CVE-2003-0601,HIGH,7.5,8.617759855,,,,,,,,,,,,
CVE-2003-0634,HIGH,7.5,8.617759855,,,,,,,,,,,,
CVE-2003-0796,HIGH,7.5,8.617759855,,,,,,,,,,,,
CVE-2003-0837,HIGH,7.5,8.617759855,,,,,,,,,,,,
CVE-2003-0870,HIGH,7.5,8.617759855,,,,,,,,,,,,
CVE-2003-0899,HIGH,7.5,8.617759855,,,,,,,,,,,,
CVE-2003-0945,HIGH,7.5,8.617759855,,,,,,,,,,,,
CVE-2003-0950,HIGH,7.5,8.617759855,,,,,,,,,,,,
CVE-2003-0976,HIGH,7.5,8.617759855,,,,,,,,,,,,
CVE-2003-0978,HIGH,7.5,8.617759855,,,,,,,,,,,,
CVE-2003-0990,HIGH,7.5,8.617759855,,,,,,,,,,,,
CVE-2003-1014,HIGH,7.5,8.617759855,,,,,,,,,,,,
CVE-2003-1015,HIGH,7.5,8.617759855,,,,,,,,,,,,
CVE-2003-1016,HIGH,7.5,8.617759855,,,,,,,,,,,,
CVE-2003-1030,HIGH,7.5,8.617759855,,,,,,,,,,,,
CVE-2003-1036,HIGH,7.5,8.617759855,,,,,,,,,,,,
CVE-2003-1037,HIGH,7.5,8.617759855,,,,,,,,,,,,
CVE-2003-1039,HIGH,7.5,8.617759855,,,,,,,,,,,,
CVE-2003-1044,HIGH,7.5,8.617759855,,,,,,,,,,,,
CVE-2003-1046,HIGH,7.5,8.617759855,,,,,,,,,,,,
CVE-2003-1091,HIGH,7.5,8.617759855,,,,,,,,,,,,
CVE-2003-1092,HIGH,7.5,8.617759855,,,,,,,,,,,,
CVE-2003-1103,HIGH,7.5,8.617759855,,,,,,,,,,,,
CVE-2003-1110,HIGH,7.5,8.617759855,,,,,,,,,,,,
CVE-2003-1111,HIGH,7.5,8.617759855,,,,,,,,,,,,
CVE-2003-1112,HIGH,7.5,8.617759855,,,,,,,,,,,,
CVE-2003-1113,HIGH,7.5,8.617759855,,,,,,,,,,,,
CVE-2003-1114,HIGH,7.5,8.617759855,,,,,,,,,,,,
CVE-2003-1115,HIGH,7.5,8.617759855,,,,,,,,,,,,
CVE-2003-1117,HIGH,7.5,8.617759855,,,,,,,,,,,,
CVE-2003-1118,HIGH,7.5,8.617759855,,,,,,,,,,,,
CVE-2003-1123,HIGH,7.5,8.617759855,,,,,,,,,,,,
CVE-2003-1128,HIGH,7.5,8.617759855,,,,,,,,,,,,
CVE-2003-1131,HIGH,7.5,8.617759855,,,,,,,,,,,,
CVE-2003-1141,HIGH,7.5,8.617759855,,,,,,,,,,,,
CVE-2003-1143,HIGH,7.5,8.617759855,,,,,,,,,,,,
CVE-2003-1148,HIGH,7.5,8.617759855,,,,,,,,,,,,
CVE-2003-1150,HIGH,7.5,8.617759855,,,,,,,,,,,,
CVE-2003-1154,HIGH,7.5,8.617759855,,,,,,,,,,,,
CVE-2003-1171,HIGH,7.5,8.617759855,,,,,,,,,,,,
CVE-2003-1177,HIGH,7.5,8.617759855,,,,,,,,,,,,
CVE-2003-1180,HIGH,7.5,8.617759855,,,,,,,,,,,,
CVE-2003-1185,HIGH,7.5,8.617759855,,,,,,,,,,,,
CVE-2003-1186,HIGH,7.5,8.617759855,,,,,,,,,,,,
CVE-2003-1193,HIGH,7.5,8.617759855,,,,,,,,,,,,
CVE-2003-1195,HIGH,7.5,8.617759855,,,,,,,,,,,,
CVE-2003-1196,HIGH,7.5,8.617759855,,,,,,,,,,,,
CVE-2003-1200,HIGH,7.5,8.617759855,,,,,,,,,,,,
CVE-2003-1210,HIGH,7.5,8.617759855,,,,,,,,,,,,
CVE-2003-1212,HIGH,7.5,8.617759855,,,,,,,,,,,,
CVE-2003-1213,HIGH,7.5,8.617759855,,,,,,,,,,,,
CVE-2003-1214,HIGH,7.5,8.617759855,,,,,,,,,,,,
CVE-2003-1216,HIGH,7.5,8.617759855,,,,,,,,,,,,
CVE-2003-1227,HIGH,7.5,8.617759855,,,,,,,,,,,,
CVE-2003-1286,HIGH,7.5,8.617759855,,,,,,,,,,,,
CVE-2003-1315,HIGH,7.5,8.615255624,,,,,,,,,,,,
CVE-2003-1321,HIGH,7.5,8.615255624,,,,,,,,,,,,
CVE-2003-1332,HIGH,7.5,8.615255624,,,,,,,,,,,,
CVE-2003-1337,HIGH,7.5,8.615255624,,,,,,,,,,,,
CVE-2003-1341,HIGH,7.5,8.615255624,,,,,,,,,,,,
CVE-2003-1343,HIGH,7.5,8.615255624,,,,,,,,,,,,
CVE-2003-1355,HIGH,7.5,8.615255624,,,,,,,,,,,,
CVE-2003-1380,HIGH,7.5,8.615255624,,,,,,,,,,,,
CVE-2003-1382,HIGH,7.5,8.615255624,,,,,,,,,,,,
CVE-2003-1383,HIGH,7.5,8.615255624,,,,,,,,,,,,
CVE-2003-1387,HIGH,7.5,8.615255624,,,,,,,,,,,,
CVE-2003-1389,HIGH,7.5,8.615255624,,,,,,,,,,,,
CVE-2003-1390,HIGH,7.5,8.615255624,,,,,,,,,,,,
CVE-2003-1391,HIGH,7.5,8.615255624,,,,,,,,,,,,
CVE-2003-1402,HIGH,7.5,8.615255624,,,,,,,,,,,,
CVE-2003-1403,HIGH,7.5,8.615255624,,,,,,,,,,,,
CVE-2003-1404,HIGH,7.5,8.615255624,,,,,,,,,,,,
CVE-2003-1405,HIGH,7.5,8.615255624,,,,,,,,,,,,
CVE-2003-1406,HIGH,7.5,8.615255624,,,,,,,,,,,,
CVE-2003-1429,HIGH,7.5,8.615255624,,,,,,,,,,,,
CVE-2003-1435,HIGH,7.5,8.615255624,,,,,,,,,,,,
CVE-2003-1442,HIGH,7.5,8.615255624,,,,,,,,,,,,
CVE-2003-1449,HIGH,7.5,8.615255624,,,,,,,,,,,,
CVE-2003-1458,HIGH,7.5,8.615255624,,,,,,,,,,,,
CVE-2003-1491,HIGH,7.5,8.615255624,,,,,,,,,,,,
CVE-2003-1504,HIGH,7.5,8.615255624,,,,,,,,,,,,
CVE-2003-1523,HIGH,7.5,8.615255624,,,,,,,,,,,,
CVE-2003-1574,HIGH,7.5,8.612617892,,,,,,,,,,,,
CVE-2003-1598,HIGH,7.5,8.610954923,,,,,,,,,,,,
CVE-2003-1599,HIGH,7.5,8.610954923,,,,,,,,,,,,
CVE-2003-0966,HIGH,7.5,8.605152543,,,,,,,,,,,,
CVE-2003-0969,HIGH,7.5,8.605152543,,,,,,,,,,,,
CVE-2003-0988,HIGH,7.5,8.605152543,,,,,,,,,,,,
CVE-2003-1022,HIGH,7.5,8.605152543,,,,,,,,,,,,
CVE-2003-0592,HIGH,7.5,8.605014731,,,,,,,,,,,,
CVE-2003-0594,HIGH,7.5,8.605014731,,,,,,,,,,,,
CVE-2003-0692,HIGH,7.5,8.605014731,,,,,,,,,,,,
CVE-2003-0699,HIGH,7.5,8.605014731,,,,,,,,,,,,
CVE-2003-0700,HIGH,7.5,8.605014731,,,,,,,,,,,,
CVE-2003-0925,HIGH,7.5,8.605014731,,,,,,,,,,,,
CVE-2003-0927,HIGH,7.5,8.605014731,,,,,,,,,,,,
CVE-2003-0951,HIGH,7.5,8.605014731,,,,,,,,,,,,
CVE-2003-0963,HIGH,7.5,8.605014731,,,,,,,,,,,,
CVE-2003-0977,HIGH,7.5,8.605014731,,,,,,,,,,,,
CVE-2003-1023,HIGH,7.5,8.605014731,,,,,,,,,,,,
CVE-2003-1229,HIGH,7.5,8.605014731,,,,,,,,,,,,
CVE-2003-1314,HIGH,7.5,8.603912808,,,,,,,,,,,,
CVE-2003-0681,HIGH,7.5,8.577227648,,,,,,,,,,,,
CVE-2003-0682,HIGH,7.5,8.577227648,,,,,,,,,,,,
CVE-2003-0686,HIGH,7.5,8.577227648,,,,,,,,,,,,
CVE-2003-0695,HIGH,7.5,8.577227648,,,,,,,,,,,,
CVE-2003-0720,HIGH,7.5,8.577227648,,,,,,,,,,,,
CVE-2003-0721,HIGH,7.5,8.577227648,,,,,,,,,,,,
CVE-2003-0962,HIGH,7.5,8.577227648,,,,,,,,,,,,
CVE-2003-0604,HIGH,7.5,8.563573542,,,,,,,,,,,,
CVE-2003-0664,HIGH,7.5,8.555614749,,,,,,,,,,,,
CVE-2003-0665,HIGH,7.5,8.555614749,,,,,,,,,,,,
CVE-2003-0666,HIGH,7.5,8.555614749,,,,,,,,,,,,
CVE-2003-0719,HIGH,7.5,8.555614749,,,,,,,,,,,,
CVE-2003-0806,HIGH,7.5,8.555614749,,,,,,,,,,,,
CVE-2003-0820,HIGH,7.5,8.555614749,,,,,,,,,,,,
CVE-2003-0821,HIGH,7.5,8.555614749,,,,,,,,,,,,
CVE-2003-0989,HIGH,7.5,8.554689713,,,,,,,,,,,,
CVE-2003-1035,HIGH,7.5,8.554689713,,,,,,,,,,,,
CVE-2003-1178,HIGH,7.5,8.554689713,,,,,,,,,,,,
CVE-2003-1179,HIGH,7.5,8.554689713,,,,,,,,,,,,
CVE-2003-1530,HIGH,7.5,8.554689713,,,,,,,,,,,,
CVE-2003-1532,HIGH,7.5,8.554689713,,,,,,,,,,,,
CVE-2003-1533,HIGH,7.5,8.554689713,,,,,,,,,,,,
CVE-2003-0863,HIGH,7.5,8.553237553,,,,,,,,,,,,
CVE-2003-0982,HIGH,7.5,8.553237553,,,,,,,,,,,,
CVE-2003-1063,HIGH,7.5,8.553237553,,,,,,,,,,,,
CVE-2003-1078,HIGH,7.5,8.553237553,,,,,,,,,,,,
CVE-2003-1109,HIGH,7.5,8.553237553,,,,,,,,,,,,
CVE-2003-0605,HIGH,7.5,8.529468296,,,,,,,,,,,,
CVE-2003-0660,HIGH,7.5,8.529468296,,,,,,,,,,,,
CVE-2003-0711,HIGH,7.5,8.529468296,,,,,,,,,,,,
CVE-2003-0717,HIGH,7.5,8.529468296,,,,,,,,,,,,
CVE-2003-0812,HIGH,7.5,8.529468296,,,,,,,,,,,,
CVE-2003-0818,HIGH,7.5,8.529468296,,,,,,,,,,,,
CVE-2003-0822,HIGH,7.5,8.529468296,,,,,,,,,,,,
CVE-2003-0995,HIGH,7.5,8.529468296,,,,,,,,,,,,
CVE-2003-0772,HIGH,7.5,8.51597245,,,,,,,,,,,,
CVE-2003-0845,HIGH,7.5,8.487697654,,,,,,,,,,,,
CVE-2003-0714,HIGH,7.5,8.485704424,,,,,,,,,,,,
CVE-2003-0836,HIGH,7.5,,,,,,,,,,,,,
CVE-2003-0542,HIGH,7.2,82.69240626,,,,,,,,,,,,
CVE-2003-0004,HIGH,7.2,9.033016309,,,,,,,,,,,,
CVE-2003-0019,HIGH,7.2,9.033016309,,,,,,,,,,,,
CVE-2003-0034,HIGH,7.2,9.033016309,,,,,,,,,,,,
CVE-2003-0061,HIGH,7.2,9.033016309,,,,,,,,,,,,
CVE-2003-0454,HIGH,7.2,9.033016309,,,,,,,,,,,,
CVE-2003-0489,HIGH,7.2,9.033016309,,,,,,,,,,,,
CVE-2003-0099,HIGH,7.2,9.03192634,,,,,,,,,,,,
CVE-2003-0148,HIGH,7.2,9.03192634,,,,,,,,,,,,
CVE-2003-0171,HIGH,7.2,9.03192634,,,,,,,,,,,,
CVE-2003-0173,HIGH,7.2,9.03192634,,,,,,,,,,,,
CVE-2003-0535,HIGH,7.2,9.03192634,,,,,,,,,,,,
CVE-2003-0088,HIGH,7.2,9.031708439,,,,,,,,,,,,
CVE-2003-0308,HIGH,7.2,9.018474526,,,,,,,,,,,,
CVE-2003-0948,HIGH,7.2,8.803823789,,,,,,,,,,,,
CVE-2003-0954,HIGH,7.2,8.803823789,,,,,,,,,,,,
CVE-2003-1161,HIGH,7.2,8.803823789,,,,,,,,,,,,
CVE-2003-1170,HIGH,7.2,8.803823789,,,,,,,,,,,,
CVE-2003-1474,HIGH,7.2,8.803823789,,,,,,,,,,,,
CVE-2003-0574,HIGH,7.2,8.80281491,,,,,,,,,,,,
CVE-2003-0649,HIGH,7.2,8.80281491,,,,,,,,,,,,
CVE-2003-0671,HIGH,7.2,8.80281491,,,,,,,,,,,,
CVE-2003-0697,HIGH,7.2,8.80281491,,,,,,,,,,,,
CVE-2003-0062,HIGH,7.2,8.498600272,,,,,,,,,,,,
CVE-2003-0074,HIGH,7.2,8.498600272,,,,,,,,,,,,
CVE-2003-0197,HIGH,7.2,8.498600272,,,,,,,,,,,,
CVE-2003-0385,HIGH,7.2,8.498600272,,,,,,,,,,,,
CVE-2003-0406,HIGH,7.2,8.498600272,,,,,,,,,,,,
CVE-2003-0408,HIGH,7.2,8.498600272,,,,,,,,,,,,
CVE-2003-0414,HIGH,7.2,8.498600272,,,,,,,,,,,,
CVE-2003-0490,HIGH,7.2,8.498600272,,,,,,,,,,,,
CVE-2003-0144,HIGH,7.2,8.459580324,,,,,,,,,,,,
CVE-2003-0221,HIGH,7.2,8.459580324,,,,,,,,,,,,
CVE-2003-0257,HIGH,7.2,8.459580324,,,,,,,,,,,,
CVE-2003-0262,HIGH,7.2,8.459580324,,,,,,,,,,,,
CVE-2003-0269,HIGH,7.2,8.459580324,,,,,,,,,,,,
CVE-2003-0289,HIGH,7.2,8.459580324,,,,,,,,,,,,
CVE-2003-0333,HIGH,7.2,8.459580324,,,,,,,,,,,,
CVE-2003-0441,HIGH,7.2,8.459580324,,,,,,,,,,,,
CVE-2003-0056,HIGH,7.2,8.447244295,,,,,,,,,,,,
CVE-2003-0087,HIGH,7.2,8.446504509,,,,,,,,,,,,
CVE-2003-0089,HIGH,7.2,8.446361576,,,,,,,,,,,,
CVE-2003-0188,HIGH,7.2,8.446361576,,,,,,,,,,,,
CVE-2003-0127,HIGH,7.2,8.417541891,,,,,,,,,,,,
CVE-2003-0035,HIGH,7.2,8.395203513,,,,,,,,,,,,
CVE-2003-0230,HIGH,7.2,8.39512583,,,,,,,,,,,,
CVE-2003-0232,HIGH,7.2,8.39512583,,,,,,,,,,,,
CVE-2003-0306,HIGH,7.2,8.39512583,,,,,,,,,,,,
CVE-2003-0091,HIGH,7.2,8.392660295,,,,,,,,,,,,
CVE-2003-0092,HIGH,7.2,8.392660295,,,,,,,,,,,,
CVE-2003-0496,HIGH,7.2,8.368007744,,,,,,,,,,,,
CVE-2003-0497,HIGH,7.2,8.330258634,,,,,,,,,,,,
CVE-2003-0498,HIGH,7.2,8.330258634,,,,,,,,,,,,
CVE-2003-0580,HIGH,7.2,8.309166459,,,,,,,,,,,,
CVE-2003-0583,HIGH,7.2,8.309166459,,,,,,,,,,,,
CVE-2003-0584,HIGH,7.2,8.309166459,,,,,,,,,,,,
CVE-2003-0597,HIGH,7.2,8.309166459,,,,,,,,,,,,
CVE-2003-0630,HIGH,7.2,8.309166459,,,,,,,,,,,,
CVE-2003-0631,HIGH,7.2,8.309166459,,,,,,,,,,,,
CVE-2003-0655,HIGH,7.2,8.309166459,,,,,,,,,,,,
CVE-2003-0759,HIGH,7.2,8.309166459,,,,,,,,,,,,
CVE-2003-0840,HIGH,7.2,8.309166459,,,,,,,,,,,,
CVE-2003-0936,HIGH,7.2,8.309166459,,,,,,,,,,,,
CVE-2003-0947,HIGH,7.2,8.309166459,,,,,,,,,,,,
CVE-2003-0961,HIGH,7.2,8.309166459,,,,,,,,,,,,
CVE-2003-0994,HIGH,7.2,8.309166459,,,,,,,,,,,,
CVE-2003-0703,HIGH,7.2,8.273049461,,,,,,,,,,,,
CVE-2003-0704,HIGH,7.2,8.273049461,,,,,,,,,,,,
CVE-2003-0758,HIGH,7.2,8.273049461,,,,,,,,,,,,
CVE-2003-0783,HIGH,7.2,8.273049461,,,,,,,,,,,,
CVE-2003-0938,HIGH,7.2,8.273049461,,,,,,,,,,,,
CVE-2003-1006,HIGH,7.2,8.273049461,,,,,,,,,,,,
CVE-2003-1011,HIGH,7.2,8.273049461,,,,,,,,,,,,
CVE-2003-1018,HIGH,7.2,8.273049461,,,,,,,,,,,,
CVE-2003-1021,HIGH,7.2,8.273049461,,,,,,,,,,,,
CVE-2003-1033,HIGH,7.2,8.273049461,,,,,,,,,,,,
CVE-2003-1050,HIGH,7.2,8.273049461,,,,,,,,,,,,
CVE-2003-1051,HIGH,7.2,8.273049461,,,,,,,,,,,,
CVE-2003-1052,HIGH,7.2,8.273049461,,,,,,,,,,,,
CVE-2003-1074,HIGH,7.2,8.273049461,,,,,,,,,,,,
CVE-2003-1094,HIGH,7.2,8.273049461,,,,,,,,,,,,
CVE-2003-1167,HIGH,7.2,8.273049461,,,,,,,,,,,,
CVE-2003-1358,HIGH,7.2,8.270645399,,,,,,,,,,,,
CVE-2003-1360,HIGH,7.2,8.270645399,,,,,,,,,,,,
CVE-2003-1407,HIGH,7.2,8.270645399,,,,,,,,,,,,
CVE-2003-1455,HIGH,7.2,8.270645399,,,,,,,,,,,,
CVE-2003-1097,HIGH,7.2,8.260814142,,,,,,,,,,,,
CVE-2003-1098,HIGH,7.2,8.260814142,,,,,,,,,,,,
CVE-2003-1356,HIGH,7.2,8.260814142,,,,,,,,,,,,
CVE-2003-1359,HIGH,7.2,8.260814142,,,,,,,,,,,,
CVE-2003-1375,HIGH,7.2,8.260814142,,,,,,,,,,,,
CVE-2003-1461,HIGH,7.2,8.260814142,,,,,,,,,,,,
CVE-2003-0834,HIGH,7.2,8.234138542,,,,,,,,,,,,
CVE-2003-0985,HIGH,7.2,8.234138542,,,,,,,,,,,,
CVE-2003-0908,HIGH,7.2,8.213390159,,,,,,,,,,,,
CVE-2003-0909,HIGH,7.2,8.213390159,,,,,,,,,,,,
CVE-2003-0910,HIGH,7.2,8.213390159,,,,,,,,,,,,
CVE-2003-1528,HIGH,7.2,8.212502125,,,,,,,,,,,,
CVE-2003-0609,HIGH,7.2,8.211108051,,,,,,,,,,,,
CVE-2003-0999,HIGH,7.2,8.211108051,,,,,,,,,,,,
CVE-2003-1024,HIGH,7.2,8.211108051,,,,,,,,,,,,
CVE-2003-1055,HIGH,7.2,8.211108051,,,,,,,,,,,,
CVE-2003-1056,HIGH,7.2,8.211108051,,,,,,,,,,,,
CVE-2003-1057,HIGH,7.2,8.211108051,,,,,,,,,,,,
CVE-2003-1059,HIGH,7.2,8.211108051,,,,,,,,,,,,
CVE-2003-1067,HIGH,7.2,8.211108051,,,,,,,,,,,,
CVE-2003-1068,HIGH,7.2,8.211108051,,,,,,,,,,,,
CVE-2003-1076,HIGH,7.2,8.211108051,,,,,,,,,,,,
CVE-2003-1082,HIGH,7.2,8.211108051,,,,,,,,,,,,
CVE-2003-1291,HIGH,7.2,8.211108051,,,,,,,,,,,,
CVE-2003-0659,HIGH,7.2,8.188289565,,,,,,,,,,,,
CVE-2003-0742,HIGH,7.2,,,,,,,,,,,,,
CVE-2003-0590,HIGH,7.1,8.19376137,,,,,,,,,,,,
CVE-2003-1431,HIGH,7.1,8.155775324,,,,,,,,,,,,
CVE-2003-0587,MEDIUM,6.9,0.50897652,,,,,,,,,,,,
CVE-2003-0483,MEDIUM,6.8,4.994733633,,,,,,,,,,,,
CVE-2003-0002,MEDIUM,6.8,0.545296744,,,,,,,,,,,,
CVE-2003-0009,MEDIUM,6.8,0.545296744,,,,,,,,,,,,
CVE-2003-0602,MEDIUM,6.8,0.531461063,,,,,,,,,,,,
CVE-2003-0733,MEDIUM,6.8,0.531461063,,,,,,,,,,,,
CVE-2003-0749,MEDIUM,6.8,0.531461063,,,,,,,,,,,,
CVE-2003-1146,MEDIUM,6.8,0.531461063,,,,,,,,,,,,
CVE-2003-1256,MEDIUM,6.8,0.531461063,,,,,,,,,,,,
CVE-2003-1311,MEDIUM,6.8,0.531461063,,,,,,,,,,,,
CVE-2003-1323,MEDIUM,6.8,0.531461063,,,,,,,,,,,,
CVE-2003-1516,MEDIUM,6.8,0.531461063,,,,,,,,,,,,
CVE-2003-1520,MEDIUM,6.8,0.531461063,,,,,,,,,,,,
CVE-2003-0070,MEDIUM,6.8,0.513035613,,,,,,,,,,,,
CVE-2003-0154,MEDIUM,6.8,0.513035613,,,,,,,,,,,,
CVE-2003-0217,MEDIUM,6.8,0.513035613,,,,,,,,,,,,
CVE-2003-0273,MEDIUM,6.8,0.513035613,,,,,,,,,,,,
CVE-2003-0292,MEDIUM,6.8,0.513035613,,,,,,,,,,,,
CVE-2003-0295,MEDIUM,6.8,0.513035613,,,,,,,,,,,,
CVE-2003-0310,MEDIUM,6.8,0.513035613,,,,,,,,,,,,
CVE-2003-0341,MEDIUM,6.8,0.513035613,,,,,,,,,,,,
CVE-2003-0413,MEDIUM,6.8,0.513035613,,,,,,,,,,,,
CVE-2003-0416,MEDIUM,6.8,0.513035613,,,,,,,,,,,,
CVE-2003-0484,MEDIUM,6.8,0.513035613,,,,,,,,,,,,
CVE-2003-0521,MEDIUM,6.8,0.513035613,,,,,,,,,,,,
CVE-2003-0523,MEDIUM,6.8,0.513035613,,,,,,,,,,,,
CVE-2003-0044,MEDIUM,6.8,0.510733662,,,,,,,,,,,,
CVE-2003-0278,MEDIUM,6.8,0.510680093,,,,,,,,,,,,
CVE-2003-0283,MEDIUM,6.8,0.510680093,,,,,,,,,,,,
CVE-2003-0287,MEDIUM,6.8,0.510680093,,,,,,,,,,,,
CVE-2003-0492,MEDIUM,6.8,0.510680093,,,,,,,,,,,,
CVE-2003-0526,MEDIUM,6.8,0.506789164,,,,,,,,,,,,
CVE-2003-0736,MEDIUM,6.8,0.501600048,,,,,,,,,,,,
CVE-2003-0768,MEDIUM,6.8,0.501600048,,,,,,,,,,,,
CVE-2003-0223,MEDIUM,6.8,0.500657039,,,,,,,,,,,,
CVE-2003-1145,MEDIUM,6.8,0.499419771,,,,,,,,,,,,
CVE-2003-1175,MEDIUM,6.8,0.499419771,,,,,,,,,,,,
CVE-2003-1182,MEDIUM,6.8,0.499419771,,,,,,,,,,,,
CVE-2003-1187,MEDIUM,6.8,0.499419771,,,,,,,,,,,,
CVE-2003-1194,MEDIUM,6.8,0.499419771,,,,,,,,,,,,
CVE-2003-1197,MEDIUM,6.8,0.499419771,,,,,,,,,,,,
CVE-2003-1199,MEDIUM,6.8,0.499419771,,,,,,,,,,,,
CVE-2003-1204,MEDIUM,6.8,0.499419771,,,,,,,,,,,,
CVE-2003-1211,MEDIUM,6.8,0.499419771,,,,,,,,,,,,
CVE-2003-1317,MEDIUM,6.8,0.499274645,,,,,,,,,,,,
CVE-2003-1369,MEDIUM,6.8,0.499274645,,,,,,,,,,,,
CVE-2003-1373,MEDIUM,6.8,0.499274645,,,,,,,,,,,,
CVE-2003-1381,MEDIUM,6.8,0.499274645,,,,,,,,,,,,
CVE-2003-1385,MEDIUM,6.8,0.499274645,,,,,,,,,,,,
CVE-2003-1410,MEDIUM,6.8,0.499274645,,,,,,,,,,,,
CVE-2003-1411,MEDIUM,6.8,0.499274645,,,,,,,,,,,,
CVE-2003-1415,MEDIUM,6.8,0.499274645,,,,,,,,,,,,
CVE-2003-1424,MEDIUM,6.8,0.499274645,,,,,,,,,,,,
CVE-2003-1434,MEDIUM,6.8,0.499274645,,,,,,,,,,,,
CVE-2003-1436,MEDIUM,6.8,0.499274645,,,,,,,,,,,,
CVE-2003-1459,MEDIUM,6.8,0.499274645,,,,,,,,,,,,
CVE-2003-1475,MEDIUM,6.8,0.499274645,,,,,,,,,,,,
CVE-2003-1500,MEDIUM,6.8,0.499274645,,,,,,,,,,,,
CVE-2003-1544,MEDIUM,6.8,0.499194149,,,,,,,,,,,,
CVE-2003-0965,MEDIUM,6.8,0.498681161,,,,,,,,,,,,
CVE-2003-1412,MEDIUM,6.8,0.495764705,,,,,,,,,,,,
CVE-2003-1552,MEDIUM,6.8,0.495764705,,,,,,,,,,,,
CVE-2003-1392,MEDIUM,6.6,0.484590096,,,,,,,,,,,,
CVE-2003-1340,MEDIUM,6.5,0.473892733,,,,,,,,,,,,
CVE-2003-0192,MEDIUM,6.4,4.698257343,,,,,,,,,,,,
CVE-2003-0198,MEDIUM,6.4,0.513158537,,,,,,,,,,,,
CVE-2003-0885,MEDIUM,6.4,0.500198647,,,,,,,,,,,,
CVE-2003-1363,MEDIUM,6.4,0.500198647,,,,,,,,,,,,
CVE-2003-1521,MEDIUM,6.4,0.500198647,,,,,,,,,,,,
CVE-2003-1538,MEDIUM,6.4,0.500198647,,,,,,,,,,,,
CVE-2003-0076,MEDIUM,6.4,0.482857047,,,,,,,,,,,,
CVE-2003-0312,MEDIUM,6.4,0.482857047,,,,,,,,,,,,
CVE-2003-0313,MEDIUM,6.4,0.482857047,,,,,,,,,,,,
CVE-2003-0314,MEDIUM,6.4,0.482857047,,,,,,,,,,,,
CVE-2003-0392,MEDIUM,6.4,0.482857047,,,,,,,,,,,,
CVE-2003-0399,MEDIUM,6.4,0.482857047,,,,,,,,,,,,
CVE-2003-0348,MEDIUM,6.4,0.476978037,,,,,,,,,,,,
CVE-2003-0625,MEDIUM,6.4,0.472094163,,,,,,,,,,,,
CVE-2003-0728,MEDIUM,6.4,0.472094163,,,,,,,,,,,,
CVE-2003-1262,MEDIUM,6.4,0.472094163,,,,,,,,,,,,
CVE-2003-1176,MEDIUM,6.4,0.470042137,,,,,,,,,,,,
CVE-2003-1230,MEDIUM,6.4,0.470042137,,,,,,,,,,,,
CVE-2003-1255,MEDIUM,6.4,0.470042137,,,,,,,,,,,,
CVE-2003-1368,MEDIUM,6.4,0.469905548,,,,,,,,,,,,
CVE-2003-1386,MEDIUM,6.4,0.469905548,,,,,,,,,,,,
CVE-2003-1427,MEDIUM,6.4,0.469905548,,,,,,,,,,,,
CVE-2003-1451,MEDIUM,6.4,0.469905548,,,,,,,,,,,,
CVE-2003-1483,MEDIUM,6.4,0.469905548,,,,,,,,,,,,
CVE-2003-1488,MEDIUM,6.4,0.469905548,,,,,,,,,,,,
CVE-2003-1501,MEDIUM,6.4,0.469905548,,,,,,,,,,,,
CVE-2003-0935,MEDIUM,6.4,0.469346975,,,,,,,,,,,,
CVE-2003-1471,MEDIUM,6.3,0.462563274,,,,,,,,,,,,
CVE-2003-1497,MEDIUM,6.3,0.462563274,,,,,,,,,,,,
CVE-2003-1524,MEDIUM,6.3,0.462563274,,,,,,,,,,,,
CVE-2003-0265,MEDIUM,6.2,0.467767765,,,,,,,,,,,,
CVE-2003-0524,MEDIUM,6.2,0.467767765,,,,,,,,,,,,
CVE-2003-0036,MEDIUM,6.2,0.462076749,,,,,,,,,,,,
CVE-2003-0904,MEDIUM,6,0.43391192,,,,,,,,,,,,
CVE-2003-1238,MEDIUM,5.8,0.453305024,,,,,,,,,,,,
CVE-2003-1567,MEDIUM,5.8,0.451935644,,,,,,,,,,,,
CVE-2003-0160,MEDIUM,5.8,0.434899452,,,,,,,,,,,,
CVE-2003-1401,MEDIUM,5.8,0.425851903,,,,,,,,,,,,
CVE-2003-1481,MEDIUM,5.8,0.425851903,,,,,,,,,,,,
CVE-2003-1325,MEDIUM,5.2,0.406411401,,,,,,,,,,,,
CVE-2003-0447,MEDIUM,5.1,3.741305665,,,,,,,,,,,,
CVE-2003-1320,MEDIUM,5.1,0.398595797,,,,,,,,,,,,
CVE-2003-1232,MEDIUM,5.1,0.390750607,,,,,,,,,,,,
CVE-2003-0141,MEDIUM,5.1,0.38477671,,,,,,,,,,,,
CVE-2003-0275,MEDIUM,5.1,0.38477671,,,,,,,,,,,,
CVE-2003-0488,MEDIUM,5.1,0.38301007,,,,,,,,,,,,
CVE-2003-0726,MEDIUM,5.1,0.374564828,,,,,,,,,,,,
CVE-2003-1107,MEDIUM,5.1,0.374564828,,,,,,,,,,,,
CVE-2003-0907,MEDIUM,5.1,0.371863735,,,,,,,,,,,,
CVE-2003-0813,MEDIUM,5.1,0.370727298,,,,,,,,,,,,
CVE-2003-0017,MEDIUM,5,3.886360287,,,,,,,,,,,,
CVE-2003-0020,MEDIUM,5,3.670950339,,,,,,,,,,,,
CVE-2003-0134,MEDIUM,5,3.670513549,,,,,,,,,,,,
CVE-2003-0189,MEDIUM,5,3.670513549,,,,,,,,,,,,
CVE-2003-0245,MEDIUM,5,3.670513549,,,,,,,,,,,,
CVE-2003-0253,MEDIUM,5,3.670513549,,,,,,,,,,,,
CVE-2003-0254,MEDIUM,5,3.670513549,,,,,,,,,,,,
CVE-2003-0460,MEDIUM,5,3.670513549,,,,,,,,,,,,
CVE-2003-0083,MEDIUM,5,3.668382731,,,,,,,,,,,,
CVE-2003-0132,MEDIUM,5,3.668382731,,,,,,,,,,,,
CVE-2003-0114,MEDIUM,5,3.667946731,,,,,,,,,,,,
CVE-2003-0116,MEDIUM,5,3.667946731,,,,,,,,,,,,
CVE-2003-0519,MEDIUM,5,3.667946731,,,,,,,,,,,,
CVE-2003-0997,MEDIUM,5,3.596747042,,,,,,,,,,,,
CVE-2003-1028,MEDIUM,5,3.591626758,,,,,,,,,,,,
CVE-2003-1305,MEDIUM,5,3.591626758,,,,,,,,,,,,
CVE-2003-1559,MEDIUM,5,3.591626758,,,,,,,,,,,,
CVE-2003-0001,MEDIUM,5,0.400953488,,,,,,,,,,,,
CVE-2003-0007,MEDIUM,5,0.400953488,,,,,,,,,,,,
CVE-2003-0011,MEDIUM,5,0.400953488,,,,,,,,,,,,
CVE-2003-0103,MEDIUM,5,0.400953488,,,,,,,,,,,,
CVE-2003-0104,MEDIUM,5,0.400953488,,,,,,,,,,,,
CVE-2003-0142,MEDIUM,5,0.400953488,,,,,,,,,,,,
CVE-2003-0155,MEDIUM,5,0.400953488,,,,,,,,,,,,
CVE-2003-0176,MEDIUM,5,0.400953488,,,,,,,,,,,,
CVE-2003-0316,MEDIUM,5,0.400953488,,,,,,,,,,,,
CVE-2003-0322,MEDIUM,5,0.400953488,,,,,,,,,,,,
CVE-2003-0355,MEDIUM,5,0.400953488,,,,,,,,,,,,
CVE-2003-0362,MEDIUM,5,0.400953488,,,,,,,,,,,,
CVE-2003-0366,MEDIUM,5,0.400953488,,,,,,,,,,,,
CVE-2003-0419,MEDIUM,5,0.400953488,,,,,,,,,,,,
CVE-2003-0565,MEDIUM,5,0.400953488,,,,,,,,,,,,
CVE-2003-0137,MEDIUM,5,0.400905107,,,,,,,,,,,,
CVE-2003-0422,MEDIUM,5,0.400905107,,,,,,,,,,,,
CVE-2003-0423,MEDIUM,5,0.400905107,,,,,,,,,,,,
CVE-2003-0424,MEDIUM,5,0.400905107,,,,,,,,,,,,
CVE-2003-0425,MEDIUM,5,0.400905107,,,,,,,,,,,,
CVE-2003-0379,MEDIUM,5,0.392643922,,,,,,,,,,,,
CVE-2003-0573,MEDIUM,5,0.390780193,,,,,,,,,,,,
CVE-2003-0637,MEDIUM,5,0.390780193,,,,,,,,,,,,
CVE-2003-0746,MEDIUM,5,0.390780193,,,,,,,,,,,,
CVE-2003-0757,MEDIUM,5,0.390780193,,,,,,,,,,,,
CVE-2003-0882,MEDIUM,5,0.390780193,,,,,,,,,,,,
CVE-2003-0900,MEDIUM,5,0.390780193,,,,,,,,,,,,
CVE-2003-0940,MEDIUM,5,0.390780193,,,,,,,,,,,,
CVE-2003-0970,MEDIUM,5,0.390780193,,,,,,,,,,,,
CVE-2003-1054,MEDIUM,5,0.390780193,,,,,,,,,,,,
CVE-2003-1119,MEDIUM,5,0.390780193,,,,,,,,,,,,
CVE-2003-1125,MEDIUM,5,0.390780193,,,,,,,,,,,,
CVE-2003-1126,MEDIUM,5,0.390780193,,,,,,,,,,,,
CVE-2003-1132,MEDIUM,5,0.390780193,,,,,,,,,,,,
CVE-2003-1138,MEDIUM,5,0.390780193,,,,,,,,,,,,
CVE-2003-1168,MEDIUM,5,0.390780193,,,,,,,,,,,,
CVE-2003-1235,MEDIUM,5,0.390780193,,,,,,,,,,,,
CVE-2003-1239,MEDIUM,5,0.390780193,,,,,,,,,,,,
CVE-2003-1242,MEDIUM,5,0.390780193,,,,,,,,,,,,
CVE-2003-1250,MEDIUM,5,0.390780193,,,,,,,,,,,,
CVE-2003-1254,MEDIUM,5,0.390780193,,,,,,,,,,,,
CVE-2003-1257,MEDIUM,5,0.390780193,,,,,,,,,,,,
CVE-2003-1263,MEDIUM,5,0.390780193,,,,,,,,,,,,
CVE-2003-1264,MEDIUM,5,0.390780193,,,,,,,,,,,,
CVE-2003-1266,MEDIUM,5,0.390780193,,,,,,,,,,,,
CVE-2003-1267,MEDIUM,5,0.390780193,,,,,,,,,,,,
CVE-2003-1269,MEDIUM,5,0.390780193,,,,,,,,,,,,
CVE-2003-1270,MEDIUM,5,0.390780193,,,,,,,,,,,,
CVE-2003-1275,MEDIUM,5,0.390780193,,,,,,,,,,,,
CVE-2003-1280,MEDIUM,5,0.390780193,,,,,,,,,,,,
CVE-2003-1282,MEDIUM,5,0.390780193,,,,,,,,,,,,
CVE-2003-1288,MEDIUM,5,0.390780193,,,,,,,,,,,,
CVE-2003-1297,MEDIUM,5,0.390780193,,,,,,,,,,,,
CVE-2003-1300,MEDIUM,5,0.390780193,,,,,,,,,,,,
CVE-2003-1485,MEDIUM,5,0.390780193,,,,,,,,,,,,
CVE-2003-1512,MEDIUM,5,0.390780193,,,,,,,,,,,,
CVE-2003-1526,MEDIUM,5,0.390780193,,,,,,,,,,,,
CVE-2003-1537,MEDIUM,5,0.390780193,,,,,,,,,,,,
CVE-2003-1542,MEDIUM,5,0.390780193,,,,,,,,,,,,
CVE-2003-0576,MEDIUM,5,0.390735412,,,,,,,,,,,,
CVE-2003-0610,MEDIUM,5,0.390735412,,,,,,,,,,,,
CVE-2003-0653,MEDIUM,5,0.390735412,,,,,,,,,,,,
CVE-2003-0677,MEDIUM,5,0.390735412,,,,,,,,,,,,
CVE-2003-0706,MEDIUM,5,0.390735412,,,,,,,,,,,,
CVE-2003-0753,MEDIUM,5,0.390735412,,,,,,,,,,,,
CVE-2003-0756,MEDIUM,5,0.390735412,,,,,,,,,,,,
CVE-2003-0775,MEDIUM,5,0.390735412,,,,,,,,,,,,
CVE-2003-0777,MEDIUM,5,0.390735412,,,,,,,,,,,,
CVE-2003-0778,MEDIUM,5,0.390735412,,,,,,,,,,,,
CVE-2003-0802,MEDIUM,5,0.390735412,,,,,,,,,,,,
CVE-2003-0804,MEDIUM,5,0.390735412,,,,,,,,,,,,
CVE-2003-0832,MEDIUM,5,0.390735412,,,,,,,,,,,,
CVE-2003-0853,MEDIUM,5,0.390735412,,,,,,,,,,,,
CVE-2003-1001,MEDIUM,5,0.390735412,,,,,,,,,,,,
CVE-2003-1002,MEDIUM,5,0.390735412,,,,,,,,,,,,
CVE-2003-1005,MEDIUM,5,0.390735412,,,,,,,,,,,,
CVE-2003-1220,MEDIUM,5,0.390735412,,,,,,,,,,,,
CVE-2003-1221,MEDIUM,5,0.390735412,,,,,,,,,,,,
CVE-2003-1222,MEDIUM,5,0.390735412,,,,,,,,,,,,
CVE-2003-1223,MEDIUM,5,0.390735412,,,,,,,,,,,,
CVE-2003-1560,MEDIUM,5,0.389485487,,,,,,,,,,,,
CVE-2003-1568,MEDIUM,5,0.389389012,,,,,,,,,,,,
CVE-2003-1569,MEDIUM,5,0.389389012,,,,,,,,,,,,
CVE-2003-1592,MEDIUM,5,0.385805152,,,,,,,,,,,,
CVE-2003-1335,MEDIUM,5,0.385163573,,,,,,,,,,,,
CVE-2003-0021,MEDIUM,5,0.377280071,,,,,,,,,,,,
CVE-2003-0022,MEDIUM,5,0.377280071,,,,,,,,,,,,
CVE-2003-0023,MEDIUM,5,0.377280071,,,,,,,,,,,,
CVE-2003-0032,MEDIUM,5,0.377280071,,,,,,,,,,,,
CVE-2003-0051,MEDIUM,5,0.377272071,,,,,,,,,,,,
CVE-2003-0052,MEDIUM,5,0.377272071,,,,,,,,,,,,
CVE-2003-0078,MEDIUM,5,0.377232068,,,,,,,,,,,,
CVE-2003-0108,MEDIUM,5,0.377232068,,,,,,,,,,,,
CVE-2003-0156,MEDIUM,5,0.377232068,,,,,,,,,,,,
CVE-2003-0163,MEDIUM,5,0.377232068,,,,,,,,,,,,
CVE-2003-0169,MEDIUM,5,0.377232068,,,,,,,,,,,,
CVE-2003-0206,MEDIUM,5,0.377232068,,,,,,,,,,,,
CVE-2003-0267,MEDIUM,5,0.377232068,,,,,,,,,,,,
CVE-2003-0268,MEDIUM,5,0.377232068,,,,,,,,,,,,
CVE-2003-0293,MEDIUM,5,0.377232068,,,,,,,,,,,,
CVE-2003-0294,MEDIUM,5,0.377232068,,,,,,,,,,,,
CVE-2003-0300,MEDIUM,5,0.377232068,,,,,,,,,,,,
CVE-2003-0301,MEDIUM,5,0.377232068,,,,,,,,,,,,
CVE-2003-0302,MEDIUM,5,0.377232068,,,,,,,,,,,,
CVE-2003-0303,MEDIUM,5,0.377232068,,,,,,,,,,,,
CVE-2003-0336,MEDIUM,5,0.377232068,,,,,,,,,,,,
CVE-2003-0338,MEDIUM,5,0.377232068,,,,,,,,,,,,
CVE-2003-0376,MEDIUM,5,0.377232068,,,,,,,,,,,,
CVE-2003-0393,MEDIUM,5,0.377232068,,,,,,,,,,,,
CVE-2003-0400,MEDIUM,5,0.377232068,,,,,,,,,,,,
CVE-2003-0401,MEDIUM,5,0.377232068,,,,,,,,,,,,
CVE-2003-0402,MEDIUM,5,0.377232068,,,,,,,,,,,,
CVE-2003-0405,MEDIUM,5,0.377232068,,,,,,,,,,,,
CVE-2003-0411,MEDIUM,5,0.377232068,,,,,,,,,,,,
CVE-2003-0412,MEDIUM,5,0.377232068,,,,,,,,,,,,
CVE-2003-0415,MEDIUM,5,0.377232068,,,,,,,,,,,,
CVE-2003-0417,MEDIUM,5,0.377232068,,,,,,,,,,,,
CVE-2003-0418,MEDIUM,5,0.377232068,,,,,,,,,,,,
CVE-2003-0467,MEDIUM,5,0.377232068,,,,,,,,,,,,
CVE-2003-0474,MEDIUM,5,0.377232068,,,,,,,,,,,,
CVE-2003-0475,MEDIUM,5,0.377232068,,,,,,,,,,,,
CVE-2003-0477,MEDIUM,5,0.377232068,,,,,,,,,,,,
CVE-2003-0505,MEDIUM,5,0.377232068,,,,,,,,,,,,
CVE-2003-0506,MEDIUM,5,0.377232068,,,,,,,,,,,,
CVE-2003-0520,MEDIUM,5,0.377232068,,,,,,,,,,,,
CVE-2003-0554,MEDIUM,5,0.377232068,,,,,,,,,,,,
CVE-2003-0556,MEDIUM,5,0.377232068,,,,,,,,,,,,
CVE-2003-0562,MEDIUM,5,0.377232068,,,,,,,,,,,,
CVE-2003-0042,MEDIUM,5,0.375539458,,,,,,,,,,,,
CVE-2003-0105,MEDIUM,5,0.375500068,,,,,,,,,,,,
CVE-2003-0153,MEDIUM,5,0.375500068,,,,,,,,,,,,
CVE-2003-0180,MEDIUM,5,0.375500068,,,,,,,,,,,,
CVE-2003-0181,MEDIUM,5,0.375500068,,,,,,,,,,,,
CVE-2003-0238,MEDIUM,5,0.375500068,,,,,,,,,,,,
CVE-2003-0239,MEDIUM,5,0.375500068,,,,,,,,,,,,
CVE-2003-0276,MEDIUM,5,0.375500068,,,,,,,,,,,,
CVE-2003-0277,MEDIUM,5,0.375500068,,,,,,,,,,,,
CVE-2003-0285,MEDIUM,5,0.375500068,,,,,,,,,,,,
CVE-2003-0290,MEDIUM,5,0.375500068,,,,,,,,,,,,
CVE-2003-0291,MEDIUM,5,0.375500068,,,,,,,,,,,,
CVE-2003-0327,MEDIUM,5,0.375500068,,,,,,,,,,,,
CVE-2003-0368,MEDIUM,5,0.375500068,,,,,,,,,,,,
CVE-2003-0456,MEDIUM,5,0.375500068,,,,,,,,,,,,
CVE-2003-0472,MEDIUM,5,0.375500068,,,,,,,,,,,,
CVE-2003-0486,MEDIUM,5,0.375500068,,,,,,,,,,,,
CVE-2003-0039,MEDIUM,5,0.374966686,,,,,,,,,,,,
CVE-2003-0043,MEDIUM,5,0.374958849,,,,,,,,,,,,
CVE-2003-0045,MEDIUM,5,0.374958849,,,,,,,,,,,,
CVE-2003-0093,MEDIUM,5,0.374919665,,,,,,,,,,,,
CVE-2003-0094,MEDIUM,5,0.374919665,,,,,,,,,,,,
CVE-2003-0145,MEDIUM,5,0.374919665,,,,,,,,,,,,
CVE-2003-0128,MEDIUM,5,0.37491332,,,,,,,,,,,,
CVE-2003-0129,MEDIUM,5,0.37491332,,,,,,,,,,,,
CVE-2003-0130,MEDIUM,5,0.37491332,,,,,,,,,,,,
CVE-2003-0133,MEDIUM,5,0.37491332,,,,,,,,,,,,
CVE-2003-0187,MEDIUM,5,0.37491332,,,,,,,,,,,,
CVE-2003-0190,MEDIUM,5,0.37491332,,,,,,,,,,,,
CVE-2003-0195,MEDIUM,5,0.37491332,,,,,,,,,,,,
CVE-2003-0211,MEDIUM,5,0.37491332,,,,,,,,,,,,
CVE-2003-0244,MEDIUM,5,0.37491332,,,,,,,,,,,,
CVE-2003-0247,MEDIUM,5,0.37491332,,,,,,,,,,,,
CVE-2003-0305,MEDIUM,5,0.37491332,,,,,,,,,,,,
CVE-2003-0364,MEDIUM,5,0.37491332,,,,,,,,,,,,
CVE-2003-0428,MEDIUM,5,0.37491332,,,,,,,,,,,,
CVE-2003-0430,MEDIUM,5,0.37491332,,,,,,,,,,,,
CVE-2003-0459,MEDIUM,5,0.37491332,,,,,,,,,,,,
CVE-2003-0465,MEDIUM,5,0.37491332,,,,,,,,,,,,
CVE-2003-0468,MEDIUM,5,0.37491332,,,,,,,,,,,,
CVE-2003-0511,MEDIUM,5,0.37491332,,,,,,,,,,,,
CVE-2003-0512,MEDIUM,5,0.37491332,,,,,,,,,,,,
CVE-2003-0540,MEDIUM,5,0.37491332,,,,,,,,,,,,
CVE-2003-0541,MEDIUM,5,0.37491332,,,,,,,,,,,,
CVE-2003-0548,MEDIUM,5,0.37491332,,,,,,,,,,,,
CVE-2003-0549,MEDIUM,5,0.37491332,,,,,,,,,,,,
CVE-2003-0550,MEDIUM,5,0.37491332,,,,,,,,,,,,
CVE-2003-0551,MEDIUM,5,0.37491332,,,,,,,,,,,,
CVE-2003-0552,MEDIUM,5,0.37491332,,,,,,,,,,,,
CVE-2003-0564,MEDIUM,5,0.37491332,,,,,,,,,,,,
CVE-2003-0123,MEDIUM,5,0.374647509,,,,,,,,,,,,
CVE-2003-0122,MEDIUM,5,0.374521381,,,,,,,,,,,,
CVE-2003-0125,MEDIUM,5,0.373634085,,,,,,,,,,,,
CVE-2003-0543,MEDIUM,5,0.373634085,,,,,,,,,,,,
CVE-2003-0544,MEDIUM,5,0.373634085,,,,,,,,,,,,
CVE-2003-0110,MEDIUM,5,0.372639091,,,,,,,,,,,,
CVE-2003-0231,MEDIUM,5,0.372639091,,,,,,,,,,,,
CVE-2003-0525,MEDIUM,5,0.372639091,,,,,,,,,,,,
CVE-2003-0147,MEDIUM,5,0.372596505,,,,,,,,,,,,
CVE-2003-0251,MEDIUM,5,0.372596505,,,,,,,,,,,,
CVE-2003-0027,MEDIUM,5,0.372575658,,,,,,,,,,,,
CVE-2003-0225,MEDIUM,5,0.372529652,,,,,,,,,,,,
CVE-2003-0259,MEDIUM,5,0.372529652,,,,,,,,,,,,
CVE-2003-0260,MEDIUM,5,0.372529652,,,,,,,,,,,,
CVE-2003-0073,MEDIUM,5,0.370491494,,,,,,,,,,,,
CVE-2003-0058,MEDIUM,5,0.369912663,,,,,,,,,,,,
CVE-2003-0072,MEDIUM,5,0.369875264,,,,,,,,,,,,
CVE-2003-0082,MEDIUM,5,0.369875264,,,,,,,,,,,,
CVE-2003-0628,MEDIUM,5,0.368823565,,,,,,,,,,,,
CVE-2003-0633,MEDIUM,5,0.368823565,,,,,,,,,,,,
CVE-2003-0635,MEDIUM,5,0.368823565,,,,,,,,,,,,
CVE-2003-0639,MEDIUM,5,0.368823565,,,,,,,,,,,,
CVE-2003-0676,MEDIUM,5,0.368823565,,,,,,,,,,,,
CVE-2003-0737,MEDIUM,5,0.368823565,,,,,,,,,,,,
CVE-2003-0744,MEDIUM,5,0.368823565,,,,,,,,,,,,
CVE-2003-0764,MEDIUM,5,0.368823565,,,,,,,,,,,,
CVE-2003-0795,MEDIUM,5,0.368823565,,,,,,,,,,,,
CVE-2003-0827,MEDIUM,5,0.368823565,,,,,,,,,,,,
CVE-2003-0839,MEDIUM,5,0.368823565,,,,,,,,,,,,
CVE-2003-0979,MEDIUM,5,0.368823565,,,,,,,,,,,,
CVE-2003-1000,MEDIUM,5,0.368823565,,,,,,,,,,,,
CVE-2003-1489,MEDIUM,5,0.368823565,,,,,,,,,,,,
CVE-2003-1032,MEDIUM,5,0.36843938,,,,,,,,,,,,
CVE-2003-0227,MEDIUM,5,0.36818611,,,,,,,,,,,,
CVE-2003-0226,MEDIUM,5,0.368130176,,,,,,,,,,,,
CVE-2003-0572,MEDIUM,5,0.36722042,,,,,,,,,,,,
CVE-2003-0621,MEDIUM,5,0.36722042,,,,,,,,,,,,
CVE-2003-0622,MEDIUM,5,0.36722042,,,,,,,,,,,,
CVE-2003-0626,MEDIUM,5,0.36722042,,,,,,,,,,,,
CVE-2003-0627,MEDIUM,5,0.36722042,,,,,,,,,,,,
CVE-2003-0696,MEDIUM,5,0.36722042,,,,,,,,,,,,
CVE-2003-0702,MEDIUM,5,0.36722042,,,,,,,,,,,,
CVE-2003-0747,MEDIUM,5,0.36722042,,,,,,,,,,,,
CVE-2003-0748,MEDIUM,5,0.36722042,,,,,,,,,,,,
CVE-2003-0760,MEDIUM,5,0.36722042,,,,,,,,,,,,
CVE-2003-0788,MEDIUM,5,0.36722042,,,,,,,,,,,,
CVE-2003-0792,MEDIUM,5,0.36722042,,,,,,,,,,,,
CVE-2003-0797,MEDIUM,5,0.36722042,,,,,,,,,,,,
CVE-2003-0852,MEDIUM,5,0.36722042,,,,,,,,,,,,
CVE-2003-0864,MEDIUM,5,0.36722042,,,,,,,,,,,,
CVE-2003-0874,MEDIUM,5,0.36722042,,,,,,,,,,,,
CVE-2003-0931,MEDIUM,5,0.36722042,,,,,,,,,,,,
CVE-2003-0975,MEDIUM,5,0.36722042,,,,,,,,,,,,
CVE-2003-1007,MEDIUM,5,0.36722042,,,,,,,,,,,,
CVE-2003-1017,MEDIUM,5,0.36722042,,,,,,,,,,,,
CVE-2003-1020,MEDIUM,5,0.36722042,,,,,,,,,,,,
CVE-2003-1038,MEDIUM,5,0.36722042,,,,,,,,,,,,
CVE-2003-1045,MEDIUM,5,0.36722042,,,,,,,,,,,,
CVE-2003-1084,MEDIUM,5,0.36722042,,,,,,,,,,,,
CVE-2003-1085,MEDIUM,5,0.36722042,,,,,,,,,,,,
CVE-2003-1087,MEDIUM,5,0.36722042,,,,,,,,,,,,
CVE-2003-1089,MEDIUM,5,0.36722042,,,,,,,,,,,,
CVE-2003-1101,MEDIUM,5,0.36722042,,,,,,,,,,,,
CVE-2003-1102,MEDIUM,5,0.36722042,,,,,,,,,,,,
CVE-2003-1116,MEDIUM,5,0.36722042,,,,,,,,,,,,
CVE-2003-1127,MEDIUM,5,0.36722042,,,,,,,,,,,,
CVE-2003-1137,MEDIUM,5,0.36722042,,,,,,,,,,,,
CVE-2003-1139,MEDIUM,5,0.36722042,,,,,,,,,,,,
CVE-2003-1152,MEDIUM,5,0.36722042,,,,,,,,,,,,
CVE-2003-1153,MEDIUM,5,0.36722042,,,,,,,,,,,,
CVE-2003-1158,MEDIUM,5,0.36722042,,,,,,,,,,,,
CVE-2003-1159,MEDIUM,5,0.36722042,,,,,,,,,,,,
CVE-2003-1162,MEDIUM,5,0.36722042,,,,,,,,,,,,
CVE-2003-1163,MEDIUM,5,0.36722042,,,,,,,,,,,,
CVE-2003-1165,MEDIUM,5,0.36722042,,,,,,,,,,,,
CVE-2003-1166,MEDIUM,5,0.36722042,,,,,,,,,,,,
CVE-2003-1172,MEDIUM,5,0.36722042,,,,,,,,,,,,
CVE-2003-1173,MEDIUM,5,0.36722042,,,,,,,,,,,,
CVE-2003-1181,MEDIUM,5,0.36722042,,,,,,,,,,,,
CVE-2003-1188,MEDIUM,5,0.36722042,,,,,,,,,,,,
CVE-2003-1189,MEDIUM,5,0.36722042,,,,,,,,,,,,
CVE-2003-1191,MEDIUM,5,0.36722042,,,,,,,,,,,,
CVE-2003-1198,MEDIUM,5,0.36722042,,,,,,,,,,,,
CVE-2003-1201,MEDIUM,5,0.36722042,,,,,,,,,,,,
CVE-2003-1205,MEDIUM,5,0.36722042,,,,,,,,,,,,
CVE-2003-1206,MEDIUM,5,0.36722042,,,,,,,,,,,,
CVE-2003-1207,MEDIUM,5,0.36722042,,,,,,,,,,,,
CVE-2003-1274,MEDIUM,5,0.36722042,,,,,,,,,,,,
CVE-2003-1284,MEDIUM,5,0.36722042,,,,,,,,,,,,
CVE-2003-1290,MEDIUM,5,0.367167037,,,,,,,,,,,,
CVE-2003-1296,MEDIUM,5,0.367167037,,,,,,,,,,,,
CVE-2003-1298,MEDIUM,5,0.367167037,,,,,,,,,,,,
CVE-2003-1316,MEDIUM,5,0.367113709,,,,,,,,,,,,
CVE-2003-1330,MEDIUM,5,0.367113709,,,,,,,,,,,,
CVE-2003-1344,MEDIUM,5,0.367113709,,,,,,,,,,,,
CVE-2003-1345,MEDIUM,5,0.367113709,,,,,,,,,,,,
CVE-2003-1349,MEDIUM,5,0.367113709,,,,,,,,,,,,
CVE-2003-1351,MEDIUM,5,0.367113709,,,,,,,,,,,,
CVE-2003-1352,MEDIUM,5,0.367113709,,,,,,,,,,,,
CVE-2003-1354,MEDIUM,5,0.367113709,,,,,,,,,,,,
CVE-2003-1365,MEDIUM,5,0.367113709,,,,,,,,,,,,
CVE-2003-1379,MEDIUM,5,0.367113709,,,,,,,,,,,,
CVE-2003-1394,MEDIUM,5,0.367113709,,,,,,,,,,,,
CVE-2003-1408,MEDIUM,5,0.367113709,,,,,,,,,,,,
CVE-2003-1409,MEDIUM,5,0.367113709,,,,,,,,,,,,
CVE-2003-1423,MEDIUM,5,0.367113709,,,,,,,,,,,,
CVE-2003-1430,MEDIUM,5,0.367113709,,,,,,,,,,,,
CVE-2003-1450,MEDIUM,5,0.367113709,,,,,,,,,,,,
CVE-2003-1454,MEDIUM,5,0.367113709,,,,,,,,,,,,
CVE-2003-1456,MEDIUM,5,0.367113709,,,,,,,,,,,,
CVE-2003-1462,MEDIUM,5,0.367113709,,,,,,,,,,,,
CVE-2003-1465,MEDIUM,5,0.367113709,,,,,,,,,,,,
CVE-2003-1469,MEDIUM,5,0.367113709,,,,,,,,,,,,
CVE-2003-1472,MEDIUM,5,0.367113709,,,,,,,,,,,,
CVE-2003-1486,MEDIUM,5,0.367113709,,,,,,,,,,,,
CVE-2003-1492,MEDIUM,5,0.367113709,,,,,,,,,,,,
CVE-2003-1493,MEDIUM,5,0.367113709,,,,,,,,,,,,
CVE-2003-1494,MEDIUM,5,0.367113709,,,,,,,,,,,,
CVE-2003-1499,MEDIUM,5,0.367113709,,,,,,,,,,,,
CVE-2003-1517,MEDIUM,5,0.367113709,,,,,,,,,,,,
CVE-2003-1529,MEDIUM,5,0.367113709,,,,,,,,,,,,
CVE-2003-1550,MEDIUM,5,0.367054521,,,,,,,,,,,,
CVE-2003-1566,MEDIUM,5,0.367054521,,,,,,,,,,,,
CVE-2003-1587,MEDIUM,5,0.36700131,,,,,,,,,,,,
CVE-2003-1589,MEDIUM,5,0.36700131,,,,,,,,,,,,
CVE-2003-1590,MEDIUM,5,0.36700131,,,,,,,,,,,,
CVE-2003-0991,MEDIUM,5,0.366683196,,,,,,,,,,,,
CVE-2003-0619,MEDIUM,5,0.366677324,,,,,,,,,,,,
CVE-2003-0926,MEDIUM,5,0.366677324,,,,,,,,,,,,
CVE-2003-0967,MEDIUM,5,0.366677324,,,,,,,,,,,,
CVE-2003-0971,MEDIUM,5,0.366677324,,,,,,,,,,,,
CVE-2003-0973,MEDIUM,5,0.366677324,,,,,,,,,,,,
CVE-2003-1012,MEDIUM,5,0.366677324,,,,,,,,,,,,
CVE-2003-1013,MEDIUM,5,0.366677324,,,,,,,,,,,,
CVE-2003-1108,MEDIUM,5,0.366677324,,,,,,,,,,,,
CVE-2003-1292,MEDIUM,5,0.366677324,,,,,,,,,,,,
CVE-2003-1571,MEDIUM,5,0.366677324,,,,,,,,,,,,
CVE-2003-0688,MEDIUM,5,0.365493259,,,,,,,,,,,,
CVE-2003-0663,MEDIUM,5,0.364572289,,,,,,,,,,,,
CVE-2003-0807,MEDIUM,5,0.364572289,,,,,,,,,,,,
CVE-2003-0905,MEDIUM,5,0.364572289,,,,,,,,,,,,
CVE-2003-1605,MEDIUM,5,0.364555392,,,,,,,,,,,,
CVE-2003-1029,MEDIUM,5,0.364532872,,,,,,,,,,,,
CVE-2003-1304,MEDIUM,5,0.364532872,,,,,,,,,,,,
CVE-2003-1535,MEDIUM,5,0.364532872,,,,,,,,,,,,
CVE-2003-1540,MEDIUM,5,0.364532872,,,,,,,,,,,,
CVE-2003-1541,MEDIUM,5,0.364532872,,,,,,,,,,,,
CVE-2003-1545,MEDIUM,5,0.364532872,,,,,,,,,,,,
CVE-2003-1548,MEDIUM,5,0.364532872,,,,,,,,,,,,
CVE-2003-1555,MEDIUM,5,0.364532872,,,,,,,,,,,,
CVE-2003-1558,MEDIUM,5,0.364532872,,,,,,,,,,,,
CVE-2003-0851,MEDIUM,5,0.364470992,,,,,,,,,,,,
CVE-2003-1004,MEDIUM,5,0.364470992,,,,,,,,,,,,
CVE-2003-1060,MEDIUM,5,0.364470992,,,,,,,,,,,,
CVE-2003-1064,MEDIUM,5,0.364470992,,,,,,,,,,,,
CVE-2003-1066,MEDIUM,5,0.364470992,,,,,,,,,,,,
CVE-2003-1069,MEDIUM,5,0.364470992,,,,,,,,,,,,
CVE-2003-1070,MEDIUM,5,0.364470992,,,,,,,,,,,,
CVE-2003-1075,MEDIUM,5,0.364470992,,,,,,,,,,,,
CVE-2003-1079,MEDIUM,5,0.364470992,,,,,,,,,,,,
CVE-2003-1301,MEDIUM,5,0.364470992,,,,,,,,,,,,
CVE-2003-1302,MEDIUM,5,0.364470992,,,,,,,,,,,,
CVE-2003-1303,MEDIUM,5,0.364470992,,,,,,,,,,,,
CVE-2003-0866,MEDIUM,5,0.363656854,,,,,,,,,,,,
CVE-2003-0661,MEDIUM,5,0.363458135,,,,,,,,,,,,
CVE-2003-0824,MEDIUM,5,0.363458135,,,,,,,,,,,,
CVE-2003-1106,MEDIUM,5,0.363458135,,,,,,,,,,,,
CVE-2003-0841,MEDIUM,5,0.362850389,,,,,,,,,,,,
CVE-2003-1209,MEDIUM,5,0.361667578,,,,,,,,,,,,
CVE-2003-0718,MEDIUM,5,0.360398822,,,,,,,,,,,,
CVE-2003-1342,MEDIUM,5,0.360398822,,,,,,,,,,,,
CVE-2003-0658,MEDIUM,5,,,,,,,,,,,,,
CVE-2003-1446,MEDIUM,4.9,0.359771435,,,,,,,,,,,,
CVE-2003-0856,MEDIUM,4.9,0.359343777,,,,,,,,,,,,
CVE-2003-0859,MEDIUM,4.9,0.359343777,,,,,,,,,,,,
CVE-2003-1428,MEDIUM,4.8,0.352429161,,,,,,,,,,,,
CVE-2003-0996,MEDIUM,4.6,3.309007278,,,,,,,,,,,,
CVE-2003-0998,MEDIUM,4.6,3.309007278,,,,,,,,,,,,
CVE-2003-0177,MEDIUM,4.6,0.368877209,,,,,,,,,,,,
CVE-2003-0194,MEDIUM,4.6,0.368877209,,,,,,,,,,,,
CVE-2003-0214,MEDIUM,4.6,0.368877209,,,,,,,,,,,,
CVE-2003-0359,MEDIUM,4.6,0.368877209,,,,,,,,,,,,
CVE-2003-0451,MEDIUM,4.6,0.368877209,,,,,,,,,,,,
CVE-2003-0452,MEDIUM,4.6,0.368877209,,,,,,,,,,,,
CVE-2003-0458,MEDIUM,4.6,0.368877209,,,,,,,,,,,,
CVE-2003-0537,MEDIUM,4.6,0.368877209,,,,,,,,,,,,
CVE-2003-0261,MEDIUM,4.6,0.368832699,,,,,,,,,,,,
CVE-2003-0518,MEDIUM,4.6,0.368832699,,,,,,,,,,,,
CVE-2003-0014,MEDIUM,4.6,0.366949335,,,,,,,,,,,,
CVE-2003-0611,MEDIUM,4.6,0.359517778,,,,,,,,,,,,
CVE-2003-0644,MEDIUM,4.6,0.359517778,,,,,,,,,,,,
CVE-2003-0857,MEDIUM,4.6,0.359517778,,,,,,,,,,,,
CVE-2003-0880,MEDIUM,4.6,0.359517778,,,,,,,,,,,,
CVE-2003-0883,MEDIUM,4.6,0.359517778,,,,,,,,,,,,
CVE-2003-1276,MEDIUM,4.6,0.359517778,,,,,,,,,,,,
CVE-2003-1279,MEDIUM,4.6,0.359517778,,,,,,,,,,,,
CVE-2003-1308,MEDIUM,4.6,0.359517778,,,,,,,,,,,,
CVE-2003-1324,MEDIUM,4.6,0.359517778,,,,,,,,,,,,
CVE-2003-1482,MEDIUM,4.6,0.359517778,,,,,,,,,,,,
CVE-2003-1502,MEDIUM,4.6,0.359517778,,,,,,,,,,,,
CVE-2003-0606,MEDIUM,4.6,0.359476579,,,,,,,,,,,,
CVE-2003-0613,MEDIUM,4.6,0.359476579,,,,,,,,,,,,
CVE-2003-0830,MEDIUM,4.6,0.359476579,,,,,,,,,,,,
CVE-2003-0932,MEDIUM,4.6,0.359476579,,,,,,,,,,,,
CVE-2003-0933,MEDIUM,4.6,0.359476579,,,,,,,,,,,,
CVE-2003-1575,MEDIUM,4.6,0.355437423,,,,,,,,,,,,
CVE-2003-0046,MEDIUM,4.6,0.347090305,,,,,,,,,,,,
CVE-2003-0047,MEDIUM,4.6,0.347090305,,,,,,,,,,,,
CVE-2003-0048,MEDIUM,4.6,0.347090305,,,,,,,,,,,,
CVE-2003-0325,MEDIUM,4.6,0.347053503,,,,,,,,,,,,
CVE-2003-0326,MEDIUM,4.6,0.347053503,,,,,,,,,,,,
CVE-2003-0329,MEDIUM,4.6,0.347053503,,,,,,,,,,,,
CVE-2003-0330,MEDIUM,4.6,0.347053503,,,,,,,,,,,,
CVE-2003-0337,MEDIUM,4.6,0.347053503,,,,,,,,,,,,
CVE-2003-0342,MEDIUM,4.6,0.347053503,,,,,,,,,,,,
CVE-2003-0343,MEDIUM,4.6,0.347053503,,,,,,,,,,,,
CVE-2003-0365,MEDIUM,4.6,0.347053503,,,,,,,,,,,,
CVE-2003-0372,MEDIUM,4.6,0.347053503,,,,,,,,,,,,
CVE-2003-0382,MEDIUM,4.6,0.347053503,,,,,,,,,,,,
CVE-2003-0388,MEDIUM,4.6,0.347053503,,,,,,,,,,,,
CVE-2003-0390,MEDIUM,4.6,0.347053503,,,,,,,,,,,,
CVE-2003-0449,MEDIUM,4.6,0.347053503,,,,,,,,,,,,
CVE-2003-0455,MEDIUM,4.6,0.347053503,,,,,,,,,,,,
CVE-2003-0485,MEDIUM,4.6,0.347053503,,,,,,,,,,,,
CVE-2003-0202,MEDIUM,4.6,0.345460063,,,,,,,,,,,,
CVE-2003-0281,MEDIUM,4.6,0.345460063,,,,,,,,,,,,
CVE-2003-0396,MEDIUM,4.6,0.345460063,,,,,,,,,,,,
CVE-2003-0420,MEDIUM,4.6,0.345460063,,,,,,,,,,,,
CVE-2003-0124,MEDIUM,4.6,0.344926092,,,,,,,,,,,,
CVE-2003-0165,MEDIUM,4.6,0.344920255,,,,,,,,,,,,
CVE-2003-0440,MEDIUM,4.6,0.344920255,,,,,,,,,,,,
CVE-2003-0539,MEDIUM,4.6,0.344920255,,,,,,,,,,,,
CVE-2003-0102,MEDIUM,4.6,0.343743358,,,,,,,,,,,,
CVE-2003-0464,MEDIUM,4.6,0.343743358,,,,,,,,,,,,
CVE-2003-0112,MEDIUM,4.6,0.341720555,,,,,,,,,,,,
CVE-2003-0350,MEDIUM,4.6,0.341720555,,,,,,,,,,,,
CVE-2003-0578,MEDIUM,4.6,0.33931768,,,,,,,,,,,,
CVE-2003-0579,MEDIUM,4.6,0.33931768,,,,,,,,,,,,
CVE-2003-0617,MEDIUM,4.6,0.33931768,,,,,,,,,,,,
CVE-2003-0620,MEDIUM,4.6,0.33931768,,,,,,,,,,,,
CVE-2003-0652,MEDIUM,4.6,0.33931768,,,,,,,,,,,,
CVE-2003-0739,MEDIUM,4.6,0.33931768,,,,,,,,,,,,
CVE-2003-0740,MEDIUM,4.6,0.33931768,,,,,,,,,,,,
CVE-2003-0771,MEDIUM,4.6,0.33931768,,,,,,,,,,,,
CVE-2003-0846,MEDIUM,4.6,0.33931768,,,,,,,,,,,,
CVE-2003-0847,MEDIUM,4.6,0.33931768,,,,,,,,,,,,
CVE-2003-0898,MEDIUM,4.6,0.33931768,,,,,,,,,,,,
CVE-2003-0934,MEDIUM,4.6,0.33931768,,,,,,,,,,,,
CVE-2003-0937,MEDIUM,4.6,0.33931768,,,,,,,,,,,,
CVE-2003-0955,MEDIUM,4.6,0.33931768,,,,,,,,,,,,
CVE-2003-0358,MEDIUM,4.6,0.338597541,,,,,,,,,,,,
CVE-2003-0607,MEDIUM,4.6,0.337842786,,,,,,,,,,,,
CVE-2003-0612,MEDIUM,4.6,0.337842786,,,,,,,,,,,,
CVE-2003-0641,MEDIUM,4.6,0.337842786,,,,,,,,,,,,
CVE-2003-0645,MEDIUM,4.6,0.337842786,,,,,,,,,,,,
CVE-2003-0828,MEDIUM,4.6,0.337842786,,,,,,,,,,,,
CVE-2003-0877,MEDIUM,4.6,0.337842786,,,,,,,,,,,,
CVE-2003-0894,MEDIUM,4.6,0.337842786,,,,,,,,,,,,
CVE-2003-0895,MEDIUM,4.6,0.337842786,,,,,,,,,,,,
CVE-2003-0897,MEDIUM,4.6,0.337842786,,,,,,,,,,,,
CVE-2003-0913,MEDIUM,4.6,0.337842786,,,,,,,,,,,,
CVE-2003-0949,MEDIUM,4.6,0.337842786,,,,,,,,,,,,
CVE-2003-1008,MEDIUM,4.6,0.337842786,,,,,,,,,,,,
CVE-2003-1010,MEDIUM,4.6,0.337842786,,,,,,,,,,,,
CVE-2003-1034,MEDIUM,4.6,0.337842786,,,,,,,,,,,,
CVE-2003-1049,MEDIUM,4.6,0.337842786,,,,,,,,,,,,
CVE-2003-1053,MEDIUM,4.6,0.337842786,,,,,,,,,,,,
CVE-2003-1093,MEDIUM,4.6,0.337842786,,,,,,,,,,,,
CVE-2003-1095,MEDIUM,4.6,0.337842786,,,,,,,,,,,,
CVE-2003-1124,MEDIUM,4.6,0.337842786,,,,,,,,,,,,
CVE-2003-1155,MEDIUM,4.6,0.337842786,,,,,,,,,,,,
CVE-2003-1156,MEDIUM,4.6,0.337842786,,,,,,,,,,,,
CVE-2003-1169,MEDIUM,4.6,0.337842786,,,,,,,,,,,,
CVE-2003-1183,MEDIUM,4.6,0.337842786,,,,,,,,,,,,
CVE-2003-1215,MEDIUM,4.6,0.337842786,,,,,,,,,,,,
CVE-2003-1287,MEDIUM,4.6,0.337842786,,,,,,,,,,,,
CVE-2003-1310,MEDIUM,4.6,0.337744613,,,,,,,,,,,,
CVE-2003-1374,MEDIUM,4.6,0.337744613,,,,,,,,,,,,
CVE-2003-1376,MEDIUM,4.6,0.337744613,,,,,,,,,,,,
CVE-2003-1445,MEDIUM,4.6,0.337744613,,,,,,,,,,,,
CVE-2003-1457,MEDIUM,4.6,0.337744613,,,,,,,,,,,,
CVE-2003-1473,MEDIUM,4.6,0.337744613,,,,,,,,,,,,
CVE-2003-0848,MEDIUM,4.6,0.337343138,,,,,,,,,,,,
CVE-2003-0984,MEDIUM,4.6,0.337343138,,,,,,,,,,,,
CVE-2003-1062,MEDIUM,4.6,0.335313313,,,,,,,,,,,,
CVE-2003-0373,MEDIUM,4.4,0.33196422,,,,,,,,,,,,
CVE-2003-1417,MEDIUM,4.4,0.323060064,,,,,,,,,,,,
CVE-2003-1443,MEDIUM,4.4,0.323060064,,,,,,,,,,,,
CVE-2003-1444,MEDIUM,4.4,0.323060064,,,,,,,,,,,,
CVE-2003-0375,MEDIUM,4.3,3.158434503,,,,,,,,,,,,
CVE-2003-0446,MEDIUM,4.3,3.154434188,,,,,,,,,,,,
CVE-2003-1025,MEDIUM,4.3,3.088799012,,,,,,,,,,,,
CVE-2003-1505,MEDIUM,4.3,3.088799012,,,,,,,,,,,,
CVE-2003-0389,MEDIUM,4.3,0.34482,,,,,,,,,,,,
CVE-2003-1031,MEDIUM,4.3,0.336070966,,,,,,,,,,,,
CVE-2003-1237,MEDIUM,4.3,0.336070966,,,,,,,,,,,,
CVE-2003-1241,MEDIUM,4.3,0.336070966,,,,,,,,,,,,
CVE-2003-1271,MEDIUM,4.3,0.336070966,,,,,,,,,,,,
CVE-2003-1277,MEDIUM,4.3,0.336070966,,,,,,,,,,,,
CVE-2003-1278,MEDIUM,4.3,0.336070966,,,,,,,,,,,,
CVE-2003-1293,MEDIUM,4.3,0.336070966,,,,,,,,,,,,
CVE-2003-1312,MEDIUM,4.3,0.336070966,,,,,,,,,,,,
CVE-2003-1508,MEDIUM,4.3,0.336070966,,,,,,,,,,,,
CVE-2003-1511,MEDIUM,4.3,0.336070966,,,,,,,,,,,,
CVE-2003-1527,MEDIUM,4.3,0.336070966,,,,,,,,,,,,
CVE-2003-1539,MEDIUM,4.3,0.336070966,,,,,,,,,,,,
CVE-2003-0801,MEDIUM,4.3,0.336032454,,,,,,,,,,,,
CVE-2003-1561,MEDIUM,4.3,0.334957518,,,,,,,,,,,,
CVE-2003-1579,MEDIUM,4.3,0.332199356,,,,,,,,,,,,
CVE-2003-1580,MEDIUM,4.3,0.332199356,,,,,,,,,,,,
CVE-2003-1591,MEDIUM,4.3,0.331346327,,,,,,,,,,,,
CVE-2003-1334,MEDIUM,4.3,0.331240672,,,,,,,,,,,,
CVE-2003-1338,MEDIUM,4.3,0.331240672,,,,,,,,,,,,
CVE-2003-1219,MEDIUM,4.3,0.325246238,,,,,,,,,,,,
CVE-2003-0053,MEDIUM,4.3,0.324453981,,,,,,,,,,,,
CVE-2003-0208,MEDIUM,4.3,0.324419579,,,,,,,,,,,,
CVE-2003-0318,MEDIUM,4.3,0.324419579,,,,,,,,,,,,
CVE-2003-0404,MEDIUM,4.3,0.324419579,,,,,,,,,,,,
CVE-2003-0479,MEDIUM,4.3,0.324419579,,,,,,,,,,,,
CVE-2003-0481,MEDIUM,4.3,0.324419579,,,,,,,,,,,,
CVE-2003-0504,MEDIUM,4.3,0.324419579,,,,,,,,,,,,
CVE-2003-0038,MEDIUM,4.3,0.322970709,,,,,,,,,,,,
CVE-2003-0495,MEDIUM,4.3,0.322930059,,,,,,,,,,,,
CVE-2003-0442,MEDIUM,4.3,0.321325313,,,,,,,,,,,,
CVE-2003-0629,MEDIUM,4.3,0.317188266,,,,,,,,,,,,
CVE-2003-0763,MEDIUM,4.3,0.317188266,,,,,,,,,,,,
CVE-2003-0980,MEDIUM,4.3,0.317188266,,,,,,,,,,,,
CVE-2003-0981,MEDIUM,4.3,0.317188266,,,,,,,,,,,,
CVE-2003-0623,MEDIUM,4.3,0.315809561,,,,,,,,,,,,
CVE-2003-0624,MEDIUM,4.3,0.315809561,,,,,,,,,,,,
CVE-2003-1088,MEDIUM,4.3,0.315809561,,,,,,,,,,,,
CVE-2003-1100,MEDIUM,4.3,0.315809561,,,,,,,,,,,,
CVE-2003-1136,MEDIUM,4.3,0.315809561,,,,,,,,,,,,
CVE-2003-1149,MEDIUM,4.3,0.315809561,,,,,,,,,,,,
CVE-2003-1151,MEDIUM,4.3,0.315809561,,,,,,,,,,,,
CVE-2003-1157,MEDIUM,4.3,0.315809561,,,,,,,,,,,,
CVE-2003-1164,MEDIUM,4.3,0.315809561,,,,,,,,,,,,
CVE-2003-1184,MEDIUM,4.3,0.315809561,,,,,,,,,,,,
CVE-2003-1190,MEDIUM,4.3,0.315809561,,,,,,,,,,,,
CVE-2003-1203,MEDIUM,4.3,0.315809561,,,,,,,,,,,,
CVE-2003-1231,MEDIUM,4.3,0.315809561,,,,,,,,,,,,
CVE-2003-1243,MEDIUM,4.3,0.315809561,,,,,,,,,,,,
CVE-2003-1285,MEDIUM,4.3,0.315809561,,,,,,,,,,,,
CVE-2003-1347,MEDIUM,4.3,0.31571779,,,,,,,,,,,,
CVE-2003-1348,MEDIUM,4.3,0.31571779,,,,,,,,,,,,
CVE-2003-1350,MEDIUM,4.3,0.31571779,,,,,,,,,,,,
CVE-2003-1353,MEDIUM,4.3,0.31571779,,,,,,,,,,,,
CVE-2003-1370,MEDIUM,4.3,0.31571779,,,,,,,,,,,,
CVE-2003-1371,MEDIUM,4.3,0.31571779,,,,,,,,,,,,
CVE-2003-1372,MEDIUM,4.3,0.31571779,,,,,,,,,,,,
CVE-2003-1384,MEDIUM,4.3,0.31571779,,,,,,,,,,,,
CVE-2003-1396,MEDIUM,4.3,0.31571779,,,,,,,,,,,,
CVE-2003-1397,MEDIUM,4.3,0.31571779,,,,,,,,,,,,
CVE-2003-1400,MEDIUM,4.3,0.31571779,,,,,,,,,,,,
CVE-2003-1413,MEDIUM,4.3,0.31571779,,,,,,,,,,,,
CVE-2003-1414,MEDIUM,4.3,0.31571779,,,,,,,,,,,,
CVE-2003-1416,MEDIUM,4.3,0.31571779,,,,,,,,,,,,
CVE-2003-1419,MEDIUM,4.3,0.31571779,,,,,,,,,,,,
CVE-2003-1420,MEDIUM,4.3,0.31571779,,,,,,,,,,,,
CVE-2003-1421,MEDIUM,4.3,0.31571779,,,,,,,,,,,,
CVE-2003-1433,MEDIUM,4.3,0.31571779,,,,,,,,,,,,
CVE-2003-1438,MEDIUM,4.3,0.31571779,,,,,,,,,,,,
CVE-2003-1440,MEDIUM,4.3,0.31571779,,,,,,,,,,,,
CVE-2003-1441,MEDIUM,4.3,0.31571779,,,,,,,,,,,,
CVE-2003-1453,MEDIUM,4.3,0.31571779,,,,,,,,,,,,
CVE-2003-1467,MEDIUM,4.3,0.31571779,,,,,,,,,,,,
CVE-2003-1468,MEDIUM,4.3,0.31571779,,,,,,,,,,,,
CVE-2003-1478,MEDIUM,4.3,0.31571779,,,,,,,,,,,,
CVE-2003-1479,MEDIUM,4.3,0.31571779,,,,,,,,,,,,
CVE-2003-1484,MEDIUM,4.3,0.31571779,,,,,,,,,,,,
CVE-2003-1498,MEDIUM,4.3,0.31571779,,,,,,,,,,,,
CVE-2003-1506,MEDIUM,4.3,0.31571779,,,,,,,,,,,,
CVE-2003-1513,MEDIUM,4.3,0.31571779,,,,,,,,,,,,
CVE-2003-1519,MEDIUM,4.3,0.31571779,,,,,,,,,,,,
CVE-2003-1522,MEDIUM,4.3,0.31571779,,,,,,,,,,,,
CVE-2003-1531,MEDIUM,4.3,0.31571779,,,,,,,,,,,,
CVE-2003-1536,MEDIUM,4.3,0.31571779,,,,,,,,,,,,
CVE-2003-1543,MEDIUM,4.3,0.315666888,,,,,,,,,,,,
CVE-2003-1546,MEDIUM,4.3,0.315666888,,,,,,,,,,,,
CVE-2003-1578,MEDIUM,4.3,0.315621127,,,,,,,,,,,,
CVE-2003-1583,MEDIUM,4.3,0.315621127,,,,,,,,,,,,
CVE-2003-1584,MEDIUM,4.3,0.315621127,,,,,,,,,,,,
CVE-2003-1585,MEDIUM,4.3,0.315621127,,,,,,,,,,,,
CVE-2003-1586,MEDIUM,4.3,0.315621127,,,,,,,,,,,,
CVE-2003-0992,MEDIUM,4.3,0.315342499,,,,,,,,,,,,
CVE-2003-1418,MEDIUM,4.3,0.315297072,,,,,,,,,,,,
CVE-2003-0615,MEDIUM,4.3,0.314324203,,,,,,,,,,,,
CVE-2003-0614,MEDIUM,4.3,0.31349827,,,,,,,,,,,,
CVE-2003-1307,MEDIUM,4.3,0.31349827,,,,,,,,,,,,
CVE-2003-1439,MEDIUM,4.3,0.31349827,,,,,,,,,,,,
CVE-2003-1534,MEDIUM,4.3,0.31349827,,,,,,,,,,,,
CVE-2003-1547,MEDIUM,4.3,0.31349827,,,,,,,,,,,,
CVE-2003-1549,MEDIUM,4.3,0.31349827,,,,,,,,,,,,
CVE-2003-1553,MEDIUM,4.3,0.31349827,,,,,,,,,,,,
CVE-2003-1554,MEDIUM,4.3,0.31349827,,,,,,,,,,,,
CVE-2003-1556,MEDIUM,4.3,0.31349827,,,,,,,,,,,,
CVE-2003-0914,MEDIUM,4.3,0.313445053,,,,,,,,,,,,
CVE-2003-1480,MEDIUM,4.3,0.311493448,,,,,,,,,,,,
CVE-2003-0712,MEDIUM,4.3,0.31097021,,,,,,,,,,,,
CVE-2003-0769,MEDIUM,4.3,,,,,,,,,,,,,
CVE-2003-1299,MEDIUM,4,0.294858575,,,,,,,,,,,,
CVE-2003-1563,MEDIUM,4,0.291576794,,,,,,,,,,,,
CVE-2003-1331,MEDIUM,4,0.290067573,,,,,,,,,,,,
CVE-2003-0480,LOW,3.7,0.000664647,,,,,,,,,,,,
CVE-2003-1120,LOW,3.7,0.000647007,,,,,,,,,,,,
CVE-2003-0924,LOW,3.7,0.000646061,,,,,,,,,,,,
CVE-2003-1058,LOW,3.7,0.000642163,,,,,,,,,,,,
CVE-2003-0018,LOW,3.6,0.000687349,,,,,,,,,,,,
CVE-2003-1460,LOW,3.6,0.000669909,,,,,,,,,,,,
CVE-2003-0448,LOW,3.6,0.000646684,,,,,,,,,,,,
CVE-2003-0536,LOW,3.6,0.000646684,,,,,,,,,,,,
CVE-2003-0499,LOW,3.6,0.000646107,,,,,,,,,,,,
CVE-2003-0246,LOW,3.6,0.000642709,,,,,,,,,,,,
CVE-2003-0596,LOW,3.6,0.000631735,,,,,,,,,,,,
CVE-2003-1452,LOW,3.6,0.000629338,,,,,,,,,,,,
CVE-2003-1234,LOW,3.6,0.000624913,,,,,,,,,,,,
CVE-2003-1463,LOW,3.5,0.000611856,,,,,,,,,,,,
CVE-2003-1570,LOW,3.5,0.000611669,,,,,,,,,,,,
CVE-2003-1366,LOW,3.3,0.000576893,,,,,,,,,,,,
CVE-2003-1426,LOW,3.3,0.000576893,,,,,,,,,,,,
CVE-2003-1105,LOW,2.6,0.004446776,,,,,,,,,,,,
CVE-2003-1135,LOW,2.6,0.000483823,,,,,,,,,,,,
CVE-2003-1306,LOW,2.6,0.000483823,,,,,,,,,,,,
CVE-2003-1581,LOW,2.6,0.000478249,,,,,,,,,,,,
CVE-2003-0279,LOW,2.6,0.000464905,,,,,,,,,,,,
CVE-2003-0282,LOW,2.6,0.000464178,,,,,,,,,,,,
CVE-2003-0956,LOW,2.6,0.000454654,,,,,,,,,,,,
CVE-2003-1129,LOW,2.6,0.000454654,,,,,,,,,,,,
CVE-2003-1577,LOW,2.6,0.000454383,,,,,,,,,,,,
CVE-2003-1582,LOW,2.6,0.000449561,,,,,,,,,,,,
CVE-2003-0012,LOW,2.1,0.000400953,,,,,,,,,,,,
CVE-2003-0381,LOW,2.1,0.000400953,,,,,,,,,,,,
CVE-2003-0517,LOW,2.1,0.000400953,,,,,,,,,,,,
CVE-2003-0207,LOW,2.1,0.000400905,,,,,,,,,,,,
CVE-2003-0603,LOW,2.1,0.00039078,,,,,,,,,,,,
CVE-2003-0872,LOW,2.1,0.00039078,,,,,,,,,,,,
CVE-2003-0878,LOW,2.1,0.00039078,,,,,,,,,,,,
CVE-2003-0887,LOW,2.1,0.00039078,,,,,,,,,,,,
CVE-2003-1134,LOW,2.1,0.00039078,,,,,,,,,,,,
CVE-2003-1246,LOW,2.1,0.00039078,,,,,,,,,,,,
CVE-2003-1261,LOW,2.1,0.00039078,,,,,,,,,,,,
CVE-2003-1265,LOW,2.1,0.00039078,,,,,,,,,,,,
CVE-2003-1281,LOW,2.1,0.00039078,,,,,,,,,,,,
CVE-2003-1295,LOW,2.1,0.00039078,,,,,,,,,,,,
CVE-2003-1476,LOW,2.1,0.00039078,,,,,,,,,,,,
CVE-2003-0643,LOW,2.1,0.000390735,,,,,,,,,,,,
CVE-2003-0670,LOW,2.1,0.000390735,,,,,,,,,,,,
CVE-2003-0679,LOW,2.1,0.000390735,,,,,,,,,,,,
CVE-2003-1224,LOW,2.1,0.000390735,,,,,,,,,,,,
CVE-2003-1225,LOW,2.1,0.000390735,,,,,,,,,,,,
CVE-2003-1226,LOW,2.1,0.000390735,,,,,,,,,,,,
CVE-2003-0071,LOW,2.1,0.000377232,,,,,,,,,,,,
CVE-2003-0079,LOW,2.1,0.000377232,,,,,,,,,,,,
CVE-2003-0175,LOW,2.1,0.0003755,,,,,,,,,,,,
CVE-2003-0193,LOW,2.1,0.0003755,,,,,,,,,,,,
CVE-2003-0334,LOW,2.1,0.0003755,,,,,,,,,,,,
CVE-2003-0136,LOW,2.1,0.000374913,,,,,,,,,,,,
CVE-2003-0461,LOW,2.1,0.000374913,,,,,,,,,,,,
CVE-2003-0547,LOW,2.1,0.000374913,,,,,,,,,,,,
CVE-2003-0476,LOW,2.1,0.000373634,,,,,,,,,,,,
CVE-2003-0501,LOW,2.1,0.000373634,,,,,,,,,,,,
CVE-2003-0367,LOW,2.1,0.000371299,,,,,,,,,,,,
CVE-2003-0656,LOW,2.1,0.000368824,,,,,,,,,,,,
CVE-2003-0844,LOW,2.1,0.000368824,,,,,,,,,,,,
CVE-2003-0875,LOW,2.1,0.000368824,,,,,,,,,,,,
CVE-2003-0618,LOW,2.1,0.00036722,,,,,,,,,,,,
CVE-2003-0642,LOW,2.1,0.00036722,,,,,,,,,,,,
CVE-2003-0793,LOW,2.1,0.00036722,,,,,,,,,,,,
CVE-2003-0794,LOW,2.1,0.00036722,,,,,,,,,,,,
CVE-2003-0876,LOW,2.1,0.00036722,,,,,,,,,,,,
CVE-2003-1077,LOW,2.1,0.00036722,,,,,,,,,,,,
CVE-2003-1122,LOW,2.1,0.00036722,,,,,,,,,,,,
CVE-2003-1133,LOW,2.1,0.00036722,,,,,,,,,,,,
CVE-2003-1174,LOW,2.1,0.00036722,,,,,,,,,,,,
CVE-2003-1233,LOW,2.1,0.00036722,,,,,,,,,,,,
CVE-2003-1273,LOW,2.1,0.00036722,,,,,,,,,,,,
CVE-2003-1289,LOW,2.1,0.000367167,,,,,,,,,,,,
CVE-2003-0727,LOW,2.1,0.000366754,,,,,,,,,,,,
CVE-2003-0854,LOW,2.1,0.000366677,,,,,,,,,,,,
CVE-2003-0858,LOW,2.1,0.000366677,,,,,,,,,,,,
CVE-2003-1099,LOW,2.1,0.000366677,,,,,,,,,,,,
CVE-2003-1294,LOW,2.1,0.000366677,,,,,,,,,,,,
CVE-2003-1040,LOW,2.1,0.000364911,,,,,,,,,,,,
CVE-2003-1065,LOW,2.1,0.000364471,,,,,,,,,,,,
CVE-2003-1071,LOW,2.1,0.000364471,,,,,,,,,,,,
CVE-2003-1072,LOW,2.1,0.000364471,,,,,,,,,,,,
CVE-2003-1437,LOW,2.1,0.000364471,,,,,,,,,,,,
CVE-2003-1399,LOW,1.9,0.00033215,,,,,,,,,,,,
CVE-2003-1447,LOW,1.9,0.00033215,,,,,,,,,,,,
CVE-2003-1588,LOW,1.9,0.000332049,,,,,,,,,,,,
CVE-2003-0986,LOW,1.7,0.000296834,,,,,,,,,,,,
CVE-2003-0120,LOW,1.2,0.000229116,,,,,,,,,,,,
CVE-2003-0438,LOW,1.2,0.000229116,,,,,,,,,,,,
CVE-2003-0462,LOW,1.2,0.000214236,,,,,,,,,,,,
CVE-2003-0086,LOW,1.2,0.000212912,,,,,,,,,,,,
CVE-2003-0669,LOW,1.2,0.000208269,,,,,,,,,,,,
CVE-2003-1061,LOW,1.2,0.000208269,,,,,,,,,,,,
CVE-2003-1073,LOW,1.2,0.000208269,,,,,,,,,,,,
CVE-2003-1080,LOW,1.2,0.000208269,,,,,,,,,,,,
CVE-2003-0090,,,,,,,,,,,,,,,
CVE-2003-0157,,,,,,,,,,,,,,,
CVE-2003-0158,,,,,,,,,,,,,,,
CVE-2003-0199,,,,,,,,,,,,,,,
CVE-2003-0200,,,,,,,,,,,,,,,
CVE-2003-0351,,,,,,,,,,,,,,,
CVE-2003-0439,,,,,,,,,,,,,,,
CVE-2003-0463,,,,,,,,,,,,,,,
CVE-2003-0568,,,,,,,,,,,,,,,
CVE-2003-0569,,,,,,,,,,,,,,,
CVE-2003-0570,,,,,,,,,,,,,,,
CVE-2003-0571,,,,,,,,,,,,,,,
CVE-2003-0582,,,,,,,,,,,,,,,
CVE-2003-0591,,,,,,,,,,,,,,,
CVE-2003-0598,,,,,,,,,,,,,,,
CVE-2003-0678,,,,,,,,,,,,,,,
CVE-2003-0684,,,,,,,,,,,,,,,
CVE-2003-0687,,,,,,,,,,,,,,,
CVE-2003-0691,,,,,,,,,,,,,,,
CVE-2003-0698,,,,,,,,,,,,,,,
CVE-2003-0741,,,,,,,,,,,,,,,
CVE-2003-0790,,,,,,,,,,,,,,,
CVE-2003-0798,,,,,,,,,,,,,,,
CVE-2003-0799,,,,,,,,,,,,,,,
CVE-2003-0800,,,,,,,,,,,,,,,
CVE-2003-0862,,,,,,,,,,,,,,,
CVE-2003-0867,,,,,,,,,,,,,,,
CVE-2003-0868,,,,,,,,,,,,,,,
CVE-2003-0869,,,,,,,,,,,,,,,
CVE-2003-0873,,,,,,,,,,,,,,,
CVE-2003-0879,,,,,,,,,,,,,,,
CVE-2003-0917,,,,,,,,,,,,,,,
CVE-2003-0918,,,,,,,,,,,,,,,
CVE-2003-0919,,,,,,,,,,,,,,,
CVE-2003-0920,,,,,,,,,,,,,,,
CVE-2003-0921,,,,,,,,,,,,,,,
CVE-2003-0922,,,,,,,,,,,,,,,
CVE-2003-0923,,,,,,,,,,,,,,,
CVE-2003-0952,,,,,,,,,,,,,,,
CVE-2003-0953,,,,,,,,,,,,,,,
CVE-2003-0964,,,,,,,,,,,,,,,
CVE-2003-1047,,,,,,,,,,,,,,,
CVE-2003-1130,,,,,,,,,,,,,,,
CVE-2003-1147,,,,,,,,,,,,,,,
CVE-2003-1217,,,,,,,,,,,,,,,
CVE-2003-1218,,,,,,,,,,,,,,,
CVE-2003-1565,,,,,,,,,,,,,,,
CVE-2003-1600,,,,,,,,,,,,,,,
CVE-2003-1601,,,,,,,,,,,,,,,
CVE-2003-1602,,,,,,,,,,,,,,,
